/*!40101 SET @OLD_CHARACTER_SET_CLIENT=@@CHARACTER_SET_CLIENT */;
/*!40101 SET NAMES utf8 */;
/*!50503 SET NAMES utf8mb4 */;
/*!40103 SET @OLD_TIME_ZONE=@@TIME_ZONE */;
/*!40103 SET TIME_ZONE='+00:00' */;
/*!40014 SET @OLD_FOREIGN_KEY_CHECKS=@@FOREIGN_KEY_CHECKS, FOREIGN_KEY_CHECKS=0 */;
/*!40101 SET @OLD_SQL_MODE=@@SQL_MODE, SQL_MODE='NO_AUTO_VALUE_ON_ZERO' */;
/*!40111 SET @OLD_SQL_NOTES=@@SQL_NOTES, SQL_NOTES=0 */;

CREATE DATABASE IF NOT EXISTS `audit_management` /*!40100 DEFAULT CHARACTER SET utf8mb4 COLLATE utf8mb4_uca1400_ai_ci */;
USE `audit_management`;

CREATE TABLE IF NOT EXISTS `audit_log` (
  `log_id` bigint(20) NOT NULL AUTO_INCREMENT,
  `user_id` bigint(20) NOT NULL COMMENT 'users 테이블의 uid 참조',
  `item_id` int(11) NOT NULL COMMENT 'checklist_items 테이블 참조',
  `actual_value` longtext CHARACTER SET utf8mb4 COLLATE utf8mb4_bin DEFAULT NULL COMMENT '실제 측정값' CHECK (json_valid(`actual_value`)),
  `passed` tinyint(1) DEFAULT NULL COMMENT '통과 여부 (1:통과, 0:실패, NULL:대기)',
  `notes` text DEFAULT NULL COMMENT '비고',
  `exclude_reason` varchar(255) DEFAULT NULL COMMENT '점수 제외 사유',
  `checked_at` timestamp NULL DEFAULT current_timestamp() COMMENT '점검 일시',
  PRIMARY KEY (`log_id`),
  KEY `idx_user_item` (`user_id`,`item_id`),
  KEY `idx_checked_at` (`checked_at`),
  KEY `fk_audit_log_item` (`item_id`),
  KEY `idx_audit_log_user_item_date` (`user_id`,`item_id`,`checked_at`),
  CONSTRAINT `fk_audit_log_item` FOREIGN KEY (`item_id`) REFERENCES `checklist_items` (`item_id`),
  CONSTRAINT `fk_audit_log_user` FOREIGN KEY (`user_id`) REFERENCES `users` (`uid`)
) ENGINE=InnoDB DEFAULT CHARSET=utf8mb4 COLLATE=utf8mb4_unicode_ci COMMENT='보안 감사 로그';

DELETE FROM `audit_log`;
INSERT INTO `audit_log` (`log_id`, `user_id`, `item_id`, `actual_value`, `passed`, `notes`, `exclude_reason`, `checked_at`) VALUES
	(93, 6, 1, '{"screenSaverEnabled": "1", "screenSaverTime": "600", "screenSaverSecure": "1"}', 1, '화면 보호기가 정상적으로 설정되어 있습니다.', NULL, '2025-08-20 07:38:05'),
	(94, 6, 2, '{"DisplayName": "알약", "RealTimeProtection": 1, "UpToDate": 1}', 1, '알약 백신이 정상적으로 설치되어 있으며, 실시간 보호 및 최신 업데이트가 적용되어 있습니다.', NULL, '2025-08-20 07:38:04'),
	(95, 6, 3, '{"minimumPasswordLength": "8"}', 1, '암호 길이가 정책에 맞게 설정되어 있습니다.', NULL, '2025-08-20 07:38:05'),
	(96, 6, 4, '{"passwordComplexity": 1}', 1, '암호 복잡도가 적절하게 설정되어 있습니다.', NULL, '2025-08-20 07:38:05'),
	(97, 6, 5, '{"maximumPasswordAge": "90"}', 1, '암호 변경 주기가 적절하게 설정되어 있습니다.', NULL, '2025-08-20 07:38:05'),
	(98, 6, 6, '{"passwordHistorySize": "5"}', 1, '동일 암호 사용 제한이 적절하게 설정되어 있습니다.', NULL, '2025-08-20 07:38:05'),
	(99, 6, 7, '{"folders": ["ADMIN$", "C$", "IPC$"]}', 0, '불필요한 공유 폴더가 있습니다. 필요하지 않은 공유 폴더를 제거해주세요.', NULL, '2025-08-20 06:56:51'),
	(100, 6, 8, '{"fDenyTSConnections": 1}', 1, '원격 데스크톱이 적절하게 제한되어 있습니다.', NULL, '2025-08-20 07:38:06'),
	(101, 6, 1, '{"screenSaverTime": "600", "screenSaverSecure": "1", "screenSaverEnabled": "1"}', 1, '화면 보호기가 정상적으로 설정되어 있습니다.', NULL, '2025-08-21 05:17:54'),
	(102, 6, 2, '{"UpToDate": 1, "DisplayName": "알약", "RealTimeProtection": 1}', 1, '알약 백신이 정상적으로 설치되어 있으며, 실시간 보호 및 최신 업데이트가 적용되어 있습니다.', NULL, '2025-08-21 05:17:53'),
	(103, 6, 3, '{"minimumPasswordLength": "8"}', 1, '암호 길이가 정책에 맞게 설정되어 있습니다.', NULL, '2025-08-21 05:17:55'),
	(104, 6, 4, '{"passwordComplexity": 1}', 1, '암호 복잡도가 적절하게 설정되어 있습니다.', NULL, '2025-08-21 05:17:55'),
	(105, 6, 5, '{"maximumPasswordAge": "90"}', 1, '암호 변경 주기가 적절하게 설정되어 있습니다.', NULL, '2025-08-21 05:17:56'),
	(106, 6, 6, '{"passwordHistorySize": "5"}', 1, '동일 암호 사용 제한이 적절하게 설정되어 있습니다.', NULL, '2025-08-21 05:17:57'),
	(107, 6, 7, '{"folders": ["IPC$"]}', 1, '불필요한 공유 폴더가 없습니다.', NULL, '2025-08-21 05:17:58'),
	(108, 6, 8, '{"fDenyTSConnections": 1}', 1, '원격 데스크톱이 적절하게 제한되어 있습니다.', NULL, '2025-08-21 05:17:59'),
	(109, 7, 1, '{"screenSaverTime": "600", "screenSaverSecure": "1", "screenSaverEnabled": "1"}', 1, '화면 보호기가 정상적으로 설정되어 있습니다.', NULL, '2025-08-21 05:27:47'),
	(110, 7, 2, '{"UpToDate": 1, "DisplayName": "알약", "RealTimeProtection": 1}', 1, '알약 백신이 정상적으로 설치되어 있으며, 실시간 보호 및 최신 업데이트가 적용되어 있습니다.', NULL, '2025-08-21 05:27:47'),
	(111, 7, 3, '{"minimumPasswordLength": "8"}', 1, '암호 길이가 정책에 맞게 설정되어 있습니다.', NULL, '2025-08-21 05:27:48'),
	(112, 7, 4, '{"passwordComplexity": 1}', 1, '암호 복잡도가 적절하게 설정되어 있습니다.', NULL, '2025-08-21 05:27:49'),
	(113, 7, 5, '{"maximumPasswordAge": "90"}', 1, '암호 변경 주기가 적절하게 설정되어 있습니다.', NULL, '2025-08-21 05:27:50'),
	(114, 7, 6, '{"passwordHistorySize": "5"}', 1, '동일 암호 사용 제한이 적절하게 설정되어 있습니다.', NULL, '2025-08-21 05:27:50'),
	(115, 7, 7, '{"folders": ["IPC$"]}', 1, '불필요한 공유 폴더가 없습니다.', NULL, '2025-08-21 05:27:52'),
	(116, 7, 8, '{"fDenyTSConnections": 1}', 1, '원격 데스크톱이 적절하게 제한되어 있습니다.', NULL, '2025-08-21 05:27:52'),
	(139, 6, 1, '{"screenSaverEnabled": "1", "screenSaverTime": "600", "screenSaverSecure": "1"}', 1, '화면 보호기가 정상적으로 설정되어 있습니다.', NULL, '2025-07-01 09:15:30'),
	(140, 6, 2, '{"DisplayName": "V3", "RealTimeProtection": 1, "UpToDate": 1}', 1, 'V3 백신이 정상적으로 설치되어 있으며, 실시간 보호 및 최신 업데이트가 적용되어 있습니다.', NULL, '2025-07-01 09:16:45'),
	(141, 6, 3, '{"minimumPasswordLength": "8"}', 1, '암호 길이가 정책에 맞게 설정되어 있습니다.', NULL, '2025-07-01 09:17:20'),
	(142, 6, 4, '{"passwordComplexity": 1}', 1, '암호 복잡도가 적절하게 설정되어 있습니다.', NULL, '2025-07-01 09:18:10'),
	(143, 6, 5, '{"maximumPasswordAge": "90"}', 1, '암호 변경 주기가 적절하게 설정되어 있습니다.', NULL, '2025-07-01 09:19:05'),
	(144, 6, 6, '{"passwordHistorySize": "5"}', 1, '동일 암호 사용 제한이 적절하게 설정되어 있습니다.', NULL, '2025-07-01 09:20:15'),
	(145, 6, 7, '{"folders": ["ADMIN$", "C$", "IPC$", "공유폴더1"]}', 0, '불필요한 공유 폴더가 있습니다. 필요하지 않은 공유 폴더를 제거해주세요.', NULL, '2025-07-01 09:21:30'),
	(146, 6, 8, '{"fDenyTSConnections": 1}', 1, '원격 데스크톱이 적절하게 제한되어 있습니다.', NULL, '2025-07-01 09:22:45'),
	(147, 6, 1, '{"screenSaverEnabled": "1", "screenSaverTime": "900", "screenSaverSecure": "1"}', 0, '화면 보호기 시간이 15분으로 설정되어 있어 보안 정책(10분)을 초과합니다.', NULL, '2025-07-02 14:30:20'),
	(148, 6, 2, '{"DisplayName": "알약", "RealTimeProtection": 1, "UpToDate": 1}', 1, '알약 백신이 정상적으로 설치되어 있으며, 실시간 보호 및 최신 업데이트가 적용되어 있습니다.', NULL, '2025-07-02 14:31:15'),
	(149, 6, 3, '{"minimumPasswordLength": "6"}', 0, '암호 길이가 6자로 설정되어 있어 정책(8자 이상)에 미달합니다.', NULL, '2025-07-02 14:32:40'),
	(150, 6, 4, '{"passwordComplexity": 0}', 0, '암호 복잡도가 비활성화되어 있습니다. 대소문자, 숫자, 특수문자 조합이 필요합니다.', NULL, '2025-07-02 14:33:25'),
	(151, 6, 5, '{"maximumPasswordAge": "120"}', 0, '암호 변경 주기가 120일로 설정되어 있어 정책(90일)을 초과합니다.', NULL, '2025-07-02 14:34:50'),
	(152, 6, 6, '{"passwordHistorySize": "3"}', 0, '암호 이력 관리가 3개로 설정되어 있어 정책(5개 이상) 미달입니다.', NULL, '2025-07-02 14:35:30'),
	(153, 6, 7, '{"folders": ["IPC$"]}', 1, '불필요한 공유 폴더가 없습니다.', NULL, '2025-07-02 14:36:45'),
	(154, 6, 8, '{"fDenyTSConnections": 0}', 0, '원격 데스크톱이 활성화되어 있어 보안상 위험합니다.', NULL, '2025-07-02 14:37:20'),
	(155, 6, 1, '{"screenSaverEnabled": "1", "screenSaverTime": "600", "screenSaverSecure": "1"}', 1, '화면 보호기 설정이 개선되었습니다.', NULL, '2025-07-03 08:45:15'),
	(156, 6, 2, '{"DisplayName": "Windows Defender", "RealTimeProtection": 0, "UpToDate": 1}', 0, 'Windows Defender의 실시간 보호가 비활성화되어 있습니다.', NULL, '2025-07-03 08:46:30'),
	(157, 6, 3, '{"minimumPasswordLength": "8"}', 1, '암호 길이 정책이 개선되었습니다.', NULL, '2025-07-03 08:47:20'),
	(158, 6, 4, '{"passwordComplexity": 1}', 1, '암호 복잡도 설정이 개선되었습니다.', NULL, '2025-07-03 08:48:40'),
	(159, 6, 5, '{"maximumPasswordAge": "90"}', 1, '암호 변경 주기가 정책에 맞게 수정되었습니다.', NULL, '2025-07-03 08:49:25'),
	(160, 6, 6, '{"passwordHistorySize": "5"}', 1, '암호 이력 관리가 정책에 맞게 설정되었습니다.', NULL, '2025-07-03 08:50:15'),
	(161, 6, 7, '{"folders": ["IPC$", "PRINT$"]}', 1, '시스템 필수 공유만 유지되고 있습니다.', NULL, '2025-07-03 08:51:30'),
	(162, 6, 8, '{"fDenyTSConnections": 1}', 1, '원격 데스크톱 제한이 재설정되었습니다.', NULL, '2025-07-03 08:52:45'),
	(163, 6, 1, '{"screenSaverEnabled": "1", "screenSaverTime": "600", "screenSaverSecure": "1"}', 1, '화면 보호기가 정상적으로 설정되어 있습니다.', NULL, '2025-07-04 11:20:30'),
	(164, 6, 2, '{"DisplayName": "Kaspersky", "RealTimeProtection": 1, "UpToDate": 1}', 1, 'Kaspersky 백신이 정상적으로 설치되어 있으며, 실시간 보호 및 최신 업데이트가 적용되어 있습니다.', NULL, '2025-07-04 11:21:45'),
	(165, 6, 3, '{"minimumPasswordLength": "8"}', 1, '암호 길이가 정책에 맞게 설정되어 있습니다.', NULL, '2025-07-04 11:22:15'),
	(166, 6, 4, '{"passwordComplexity": 1}', 1, '암호 복잡도가 적절하게 설정되어 있습니다.', NULL, '2025-07-04 11:23:30'),
	(167, 6, 5, '{"maximumPasswordAge": "90"}', 1, '암호 변경 주기가 적절하게 설정되어 있습니다.', NULL, '2025-07-04 11:24:20'),
	(168, 6, 6, '{"passwordHistorySize": "5"}', 1, '동일 암호 사용 제한이 적절하게 설정되어 있습니다.', NULL, '2025-07-04 11:25:40'),
	(169, 6, 7, '{"folders": ["IPC$"]}', 1, '불필요한 공유 폴더가 없습니다.', NULL, '2025-07-04 11:26:15'),
	(170, 6, 8, '{"fDenyTSConnections": 1}', 1, '원격 데스크톱이 적절하게 제한되어 있습니다.', NULL, '2025-07-04 11:27:50'),
	(171, 6, 1, '{"checking": "in_progress"}', NULL, '화면 보호기 설정 점검 진행 중입니다.', NULL, '2025-07-05 09:30:20'),
	(172, 6, 2, '{"DisplayName": "알약", "RealTimeProtection": 1, "UpToDate": 1}', 1, '알약 백신이 정상적으로 설치되어 있으며, 실시간 보호 및 최신 업데이트가 적용되어 있습니다.', NULL, '2025-07-05 09:31:35'),
	(173, 6, 3, '{"scanning": "in_progress"}', NULL, '암호 정책 점검 진행 중입니다.', NULL, '2025-07-05 09:32:15'),
	(174, 6, 4, '{"passwordComplexity": 1}', 1, '암호 복잡도가 적절하게 설정되어 있습니다.', NULL, '2025-07-05 09:33:45'),
	(175, 6, 5, '{"maximumPasswordAge": "90"}', 1, '암호 변경 주기가 적절하게 설정되어 있습니다.', NULL, '2025-07-05 09:34:20'),
	(176, 6, 6, '{"passwordHistorySize": "5"}', 1, '동일 암호 사용 제한이 적절하게 설정되어 있습니다.', NULL, '2025-07-05 09:35:30'),
	(177, 6, 7, '{"folders": ["IPC$"]}', 1, '불필요한 공유 폴더가 없습니다.', NULL, '2025-07-05 09:36:45'),
	(178, 6, 8, '{"fDenyTSConnections": 1}', 1, '원격 데스크톱이 적절하게 제한되어 있습니다.', NULL, '2025-07-05 09:37:20'),
	(179, 6, 1, '{"screenSaverEnabled": "1", "screenSaverTime": "600", "screenSaverSecure": "1"}', 1, '화면 보호기가 정상적으로 설정되어 있습니다.', NULL, '2025-07-06 13:15:30'),
	(180, 6, 2, '{"DisplayName": "V3", "RealTimeProtection": 1, "UpToDate": 0}', 0, 'V3 백신이 설치되어 있으나 업데이트가 필요합니다.', NULL, '2025-07-06 13:16:45'),
	(181, 6, 3, '{"minimumPasswordLength": "8"}', 1, '암호 길이가 정책에 맞게 설정되어 있습니다.', NULL, '2025-07-06 13:17:20'),
	(182, 6, 4, '{"passwordComplexity": 1}', 1, '암호 복잡도가 적절하게 설정되어 있습니다.', NULL, '2025-07-06 13:18:10'),
	(183, 6, 5, '{"maximumPasswordAge": "90"}', 1, '암호 변경 주기가 적절하게 설정되어 있습니다.', NULL, '2025-07-06 13:19:05'),
	(184, 6, 6, '{"passwordHistorySize": "5"}', 1, '동일 암호 사용 제한이 적절하게 설정되어 있습니다.', NULL, '2025-07-06 13:20:15'),
	(185, 6, 7, '{"folders": ["IPC$", "NETLOGON", "SYSVOL"]}', 0, '도메인 관련 공유 폴더가 발견되었습니다. 정책 확인이 필요합니다.', NULL, '2025-07-06 13:21:30'),
	(186, 6, 8, '{"fDenyTSConnections": 1}', 1, '원격 데스크톱이 적절하게 제한되어 있습니다.', NULL, '2025-07-06 13:22:45'),
	(187, 6, 1, '{"screenSaverEnabled": "0", "screenSaverTime": "0", "screenSaverSecure": "0"}', 0, '화면 보호기가 비활성화되어 있습니다. 즉시 활성화가 필요합니다.', NULL, '2025-07-07 16:30:20'),
	(188, 6, 2, '{"DisplayName": "V3", "RealTimeProtection": 1, "UpToDate": 1}', 1, 'V3 백신 업데이트가 완료되었습니다.', NULL, '2025-07-07 16:31:35'),
	(189, 6, 3, '{"minimumPasswordLength": "8"}', 1, '암호 길이가 정책에 맞게 설정되어 있습니다.', NULL, '2025-07-07 16:32:15'),
	(190, 6, 4, '{"passwordComplexity": 1}', 1, '암호 복잡도가 적절하게 설정되어 있습니다.', NULL, '2025-07-07 16:33:45'),
	(191, 6, 5, '{"maximumPasswordAge": "90"}', 1, '암호 변경 주기가 적절하게 설정되어 있습니다.', NULL, '2025-07-07 16:34:20'),
	(192, 6, 6, '{"passwordHistorySize": "5"}', 1, '동일 암호 사용 제한이 적절하게 설정되어 있습니다.', NULL, '2025-07-07 16:35:30'),
	(193, 6, 7, '{"folders": ["IPC$"]}', 1, '불필요한 공유 폴더 정리가 완료되었습니다.', NULL, '2025-07-07 16:36:45'),
	(194, 6, 8, '{"fDenyTSConnections": 1}', 1, '원격 데스크톱이 적절하게 제한되어 있습니다.', NULL, '2025-07-07 16:37:20'),
	(195, 6, 1, '{"screenSaverEnabled": "1", "screenSaverTime": "600", "screenSaverSecure": "1"}', 1, '화면 보호기 설정이 복구되었습니다.', NULL, '2025-07-08 10:45:30'),
	(196, 6, 2, '{"DisplayName": "알약", "RealTimeProtection": 1, "UpToDate": 1}', 1, '알약 백신이 정상적으로 설치되어 있으며, 실시간 보호 및 최신 업데이트가 적용되어 있습니다.', NULL, '2025-07-08 10:46:45'),
	(197, 6, 3, '{"minimumPasswordLength": "10"}', 1, '암호 길이가 10자로 설정되어 더욱 강화되었습니다.', NULL, '2025-07-08 10:47:20'),
	(198, 6, 4, '{"passwordComplexity": 1}', 1, '암호 복잡도가 적절하게 설정되어 있습니다.', NULL, '2025-07-08 10:48:10'),
	(199, 6, 5, '{"maximumPasswordAge": "60"}', 1, '암호 변경 주기가 60일로 더욱 강화되었습니다.', NULL, '2025-07-08 10:49:05'),
	(200, 6, 6, '{"passwordHistorySize": "10"}', 1, '암호 이력 관리가 10개로 강화되었습니다.', NULL, '2025-07-08 10:50:15'),
	(201, 6, 7, '{"folders": ["IPC$"]}', 1, '불필요한 공유 폴더가 없습니다.', NULL, '2025-07-08 10:51:30'),
	(202, 6, 8, '{"fDenyTSConnections": 1}', 1, '원격 데스크톱이 적절하게 제한되어 있습니다.', NULL, '2025-07-08 10:52:45'),
	(203, 6, 1, '{"screenSaverEnabled": "1", "screenSaverTime": "300", "screenSaverSecure": "1"}', 1, '화면 보호기가 5분으로 더욱 강화 설정되었습니다.', NULL, '2025-07-09 14:20:30'),
	(204, 6, 2, '{"DisplayName": "Kaspersky", "RealTimeProtection": 1, "UpToDate": 1}', 1, 'Kaspersky 백신으로 변경되어 보안이 강화되었습니다.', NULL, '2025-07-09 14:21:45'),
	(205, 6, 3, '{"minimumPasswordLength": "12"}', 1, '암호 길이가 12자로 더욱 강화되었습니다.', NULL, '2025-07-09 14:22:15'),
	(206, 6, 4, '{"passwordComplexity": 1}', 1, '암호 복잡도가 적절하게 설정되어 있습니다.', NULL, '2025-07-09 14:23:30'),
	(207, 6, 5, '{"maximumPasswordAge": "45"}', 1, '암호 변경 주기가 45일로 최대한 강화되었습니다.', NULL, '2025-07-09 14:24:20'),
	(208, 6, 6, '{"passwordHistorySize": "12"}', 1, '암호 이력 관리가 12개로 최대한 강화되었습니다.', NULL, '2025-07-09 14:25:40'),
	(209, 6, 7, '{"folders": ["IPC$"]}', 1, '불필요한 공유 폴더가 없습니다.', NULL, '2025-07-09 14:26:15'),
	(210, 6, 8, '{"fDenyTSConnections": 1}', 1, '원격 데스크톱이 적절하게 제한되어 있습니다.', NULL, '2025-07-09 14:27:50'),
	(211, 6, 1, '{"screenSaverEnabled": "1", "screenSaverTime": "600", "screenSaverSecure": "1"}', 1, '화면 보호기가 정상적으로 설정되어 있습니다.', NULL, '2025-07-10 08:30:20'),
	(212, 6, 2, '{"DisplayName": "Norton", "RealTimeProtection": 1, "UpToDate": 1}', 1, 'Norton 백신이 정상적으로 설치되어 있으며, 실시간 보호 및 최신 업데이트가 적용되어 있습니다.', NULL, '2025-07-10 08:31:35'),
	(213, 6, 3, '{"minimumPasswordLength": "8"}', 1, '암호 길이가 정책에 맞게 설정되어 있습니다.', NULL, '2025-07-10 08:32:15'),
	(214, 6, 4, '{"passwordComplexity": 1}', 1, '암호 복잡도가 적절하게 설정되어 있습니다.', NULL, '2025-07-10 08:33:45'),
	(215, 6, 5, '{"maximumPasswordAge": "90"}', 1, '암호 변경 주기가 적절하게 설정되어 있습니다.', NULL, '2025-07-10 08:34:20'),
	(216, 6, 6, '{"passwordHistorySize": "5"}', 1, '동일 암호 사용 제한이 적절하게 설정되어 있습니다.', NULL, '2025-07-10 08:35:30'),
	(217, 6, 7, '{"folders": ["IPC$", "Users"]}', 0, '사용자 공유 폴더가 활성화되어 있어 검토가 필요합니다.', NULL, '2025-07-10 08:36:45'),
	(218, 6, 8, '{"fDenyTSConnections": 1}', 1, '원격 데스크톱이 적절하게 제한되어 있습니다.', NULL, '2025-07-10 08:37:20'),
	(219, 6, 1, '{"systemUpdate": "rebooting"}', NULL, '시스템 업데이트로 인해 재부팅 중입니다.', NULL, '2025-07-11 09:00:00'),
	(220, 6, 2, '{"checking": "post_update"}', NULL, '업데이트 후 백신 상태 확인 중입니다.', NULL, '2025-07-11 09:15:30'),
	(221, 6, 3, '{"minimumPasswordLength": "8"}', 1, '암호 길이가 정책에 맞게 설정되어 있습니다.', NULL, '2025-07-11 09:30:15'),
	(222, 6, 4, '{"passwordComplexity": 1}', 1, '암호 복잡도가 적절하게 설정되어 있습니다.', NULL, '2025-07-11 09:31:45'),
	(223, 6, 5, '{"maximumPasswordAge": "90"}', 1, '암호 변경 주기가 적절하게 설정되어 있습니다.', NULL, '2025-07-11 09:32:20'),
	(224, 6, 6, '{"passwordHistorySize": "5"}', 1, '동일 암호 사용 제한이 적절하게 설정되어 있습니다.', NULL, '2025-07-11 09:33:30'),
	(225, 6, 7, '{"folders": ["IPC$"]}', 1, '업데이트 후 공유 폴더 정리가 완료되었습니다.', NULL, '2025-07-11 09:34:45'),
	(226, 6, 8, '{"fDenyTSConnections": 1}', 1, '원격 데스크톱이 적절하게 제한되어 있습니다.', NULL, '2025-07-11 09:35:20'),
	(227, 6, 1, '{"screenSaverEnabled": "1", "screenSaverTime": "600", "screenSaverSecure": "1"}', 1, '화면 보호기가 정상적으로 설정되어 있습니다.', NULL, '2025-07-12 11:15:30'),
	(228, 6, 2, '{"DisplayName": "알약", "RealTimeProtection": 1, "UpToDate": 1}', 1, '알약 백신이 정상적으로 설치되어 있으며, 실시간 보호 및 최신 업데이트가 적용되어 있습니다.', NULL, '2025-07-12 11:16:45'),
	(229, 6, 3, '{"minimumPasswordLength": "8"}', 1, '암호 길이가 정책에 맞게 설정되어 있습니다.', NULL, '2025-07-12 11:17:20'),
	(230, 6, 4, '{"passwordComplexity": 1}', 1, '암호 복잡도가 적절하게 설정되어 있습니다.', NULL, '2025-07-12 11:18:10'),
	(231, 6, 5, '{"maximumPasswordAge": "90"}', 1, '암호 변경 주기가 적절하게 설정되어 있습니다.', NULL, '2025-07-12 11:19:05'),
	(232, 6, 6, '{"passwordHistorySize": "5"}', 1, '동일 암호 사용 제한이 적절하게 설정되어 있습니다.', NULL, '2025-07-12 11:20:15'),
	(233, 6, 7, '{"folders": ["IPC$"]}', 1, '불필요한 공유 폴더가 없습니다.', NULL, '2025-07-12 11:21:30'),
	(234, 6, 8, '{"fDenyTSConnections": 1}', 1, '원격 데스크톱이 적절하게 제한되어 있습니다.', NULL, '2025-07-12 11:22:45'),
	(235, 6, 1, '{"screenSaverEnabled": "1", "screenSaverTime": "900", "screenSaverSecure": "1"}', 0, '화면 보호기 시간이 15분으로 설정되어 있어 보안 정책을 초과합니다. 10분 이하로 설정해주세요.', NULL, '2025-07-13 08:45:20'),
	(236, 6, 2, '{"DisplayName": "V3", "RealTimeProtection": 1, "UpToDate": 0}', 0, 'V3 백신의 실시간 보호는 활성화되어 있으나 바이러스 정의 파일이 오래되었습니다. 즉시 업데이트가 필요합니다.', NULL, '2025-07-13 08:46:35'),
	(237, 6, 3, '{"minimumPasswordLength": "8"}', 1, '암호 길이가 정책에 맞게 설정되어 있습니다.', NULL, '2025-07-13 08:47:15'),
	(238, 6, 4, '{"passwordComplexity": 1}', 1, '암호 복잡도가 적절하게 설정되어 있습니다.', NULL, '2025-07-13 08:48:40'),
	(239, 6, 5, '{"maximumPasswordAge": "90"}', 1, '암호 변경 주기가 적절하게 설정되어 있습니다.', NULL, '2025-07-13 08:49:25'),
	(240, 6, 6, '{"passwordHistorySize": "5"}', 1, '동일 암호 사용 제한이 적절하게 설정되어 있습니다.', NULL, '2025-07-13 08:50:15'),
	(241, 6, 7, '{"folders": ["IPC$", "공유문서", "프로젝트파일"]}', 0, '업무용 공유 폴더가 다수 발견되었습니다. 보안 정책에 따라 승인된 공유만 허용됩니다.', NULL, '2025-07-13 08:51:30'),
	(242, 6, 8, '{"fDenyTSConnections": 1}', 1, '원격 데스크톱이 적절하게 제한되어 있습니다.', NULL, '2025-07-13 08:52:45'),
	(243, 6, 1, '{"screenSaverEnabled": "1", "screenSaverTime": "600", "screenSaverSecure": "1"}', 1, '화면 보호기 설정이 정책에 맞게 복구되었습니다.', NULL, '2025-07-14 20:30:20'),
	(244, 6, 2, '{"DisplayName": "V3", "RealTimeProtection": 1, "UpToDate": 1}', 1, 'V3 백신 업데이트가 완료되어 최신 상태를 유지하고 있습니다.', NULL, '2025-07-14 20:31:35'),
	(245, 6, 3, '{"minimumPasswordLength": "8"}', 1, '암호 길이가 정책에 맞게 설정되어 있습니다.', NULL, '2025-07-14 20:32:15'),
	(246, 6, 4, '{"passwordComplexity": 1}', 1, '암호 복잡도가 적절하게 설정되어 있습니다.', NULL, '2025-07-14 20:33:45'),
	(247, 6, 5, '{"maximumPasswordAge": "90"}', 1, '암호 변경 주기가 적절하게 설정되어 있습니다.', NULL, '2025-07-14 20:34:20'),
	(248, 6, 6, '{"passwordHistorySize": "5"}', 1, '동일 암호 사용 제한이 적절하게 설정되어 있습니다.', NULL, '2025-07-14 20:35:30'),
	(249, 6, 7, '{"folders": ["IPC$"]}', 1, '불필요한 공유 폴더가 정리되었습니다.', NULL, '2025-07-14 20:36:45'),
	(250, 6, 8, '{"fDenyTSConnections": 1}', 1, '원격 데스크톱이 적절하게 제한되어 있습니다.', NULL, '2025-07-14 20:37:20'),
	(251, 6, 1, '{"screenSaverEnabled": "1", "screenSaverTime": "600", "screenSaverSecure": "1"}', 1, '화면 보호기가 정상적으로 설정되어 있습니다.', NULL, '2025-07-15 13:10:30'),
	(252, 6, 2, '{"DisplayName": "Kaspersky", "RealTimeProtection": 1, "UpToDate": 1, "FirewallEnabled": 1}', 1, 'Kaspersky 백신으로 교체되었으며 실시간 보호, 방화벽 기능이 모두 정상 작동하고 있습니다.', NULL, '2025-07-15 13:11:45'),
	(253, 6, 3, '{"minimumPasswordLength": "10"}', 1, '암호 길이가 10자로 더욱 강화되어 설정되었습니다.', NULL, '2025-07-15 13:12:20'),
	(254, 6, 4, '{"passwordComplexity": 1, "mixedCase": 1, "numbers": 1, "symbols": 1}', 1, '암호 복잡도가 대소문자, 숫자, 특수문자 모든 요소를 포함하도록 설정되었습니다.', NULL, '2025-07-15 13:13:10'),
	(255, 6, 5, '{"maximumPasswordAge": "60"}', 1, '암호 변경 주기가 60일로 더욱 강화되었습니다.', NULL, '2025-07-15 13:14:05'),
	(256, 6, 6, '{"passwordHistorySize": "8"}', 1, '암호 이력 관리가 8개로 강화되어 설정되었습니다.', NULL, '2025-07-15 13:15:15'),
	(257, 6, 7, '{"folders": ["IPC$"]}', 1, '불필요한 공유 폴더가 없습니다.', NULL, '2025-07-15 13:16:30'),
	(258, 6, 8, '{"fDenyTSConnections": 1, "RDPPort": "disabled"}', 1, '원격 데스크톱이 완전히 비활성화되어 보안이 강화되었습니다.', NULL, '2025-07-15 13:17:45'),
	(259, 6, 1, '{"screenSaverEnabled": "1", "screenSaverTime": "300", "screenSaverSecure": "1"}', 1, '화면 보호기가 5분으로 더욱 강화 설정되어 보안성이 향상되었습니다.', NULL, '2025-07-16 09:25:30'),
	(260, 6, 2, '{"DisplayName": "Kaspersky", "RealTimeProtection": 1, "UpToDate": 1, "LastScan": "2025-07-16T01:00:00Z"}', 1, 'Kaspersky 백신이 새벽 1시에 정기 스캔을 완료했으며 위협이 발견되지 않았습니다.', NULL, '2025-07-16 09:26:45'),
	(261, 6, 3, '{"minimumPasswordLength": "10"}', 1, '암호 길이가 10자로 적절하게 설정되어 있습니다.', NULL, '2025-07-16 09:27:20'),
	(262, 6, 4, '{"passwordComplexity": 1}', 1, '암호 복잡도가 적절하게 설정되어 있습니다.', NULL, '2025-07-16 09:28:10'),
	(263, 6, 5, '{"maximumPasswordAge": "60"}', 1, '암호 변경 주기가 적절하게 설정되어 있습니다.', NULL, '2025-07-16 09:29:05'),
	(264, 6, 6, '{"passwordHistorySize": "8"}', 1, '동일 암호 사용 제한이 적절하게 설정되어 있습니다.', NULL, '2025-07-16 09:30:15'),
	(265, 6, 7, '{"folders": ["IPC$"]}', 1, '불필요한 공유 폴더가 없습니다.', NULL, '2025-07-16 09:31:30'),
	(266, 6, 8, '{"fDenyTSConnections": 1}', 1, '원격 데스크톱이 적절하게 제한되어 있습니다.', NULL, '2025-07-16 09:32:45'),
	(267, 6, 1, '{"screenSaverEnabled": "1", "screenSaverTime": "300", "screenSaverSecure": "1"}', 1, '화면 보호기가 강화된 설정으로 정상 작동하고 있습니다.', NULL, '2025-07-17 14:40:20'),
	(268, 6, 2, '{"DisplayName": "Kaspersky", "RealTimeProtection": 1, "UpToDate": 1}', 1, 'Kaspersky 백신이 정상적으로 설치되어 있으며, 실시간 보호 및 최신 업데이트가 적용되어 있습니다.', NULL, '2025-07-17 14:41:35'),
	(269, 6, 3, '{"minimumPasswordLength": "10"}', 1, '암호 길이가 정책에 맞게 설정되어 있습니다.', NULL, '2025-07-17 14:42:15'),
	(270, 6, 4, '{"passwordComplexity": 1}', 1, '암호 복잡도가 적절하게 설정되어 있습니다.', NULL, '2025-07-17 14:43:45'),
	(271, 6, 5, '{"maximumPasswordAge": "60"}', 1, '암호 변경 주기가 적절하게 설정되어 있습니다.', NULL, '2025-07-17 14:44:20'),
	(272, 6, 6, '{"passwordHistorySize": "8"}', 1, '동일 암호 사용 제한이 적절하게 설정되어 있습니다.', NULL, '2025-07-17 14:45:30'),
	(273, 6, 7, '{"folders": ["IPC$", "TEMP_SHARE"]}', 0, '임시 공유 폴더가 발견되었습니다. 사용 후 즉시 제거가 필요합니다.', NULL, '2025-07-17 14:46:45'),
	(274, 6, 8, '{"fDenyTSConnections": 1}', 1, '원격 데스크톱이 적절하게 제한되어 있습니다.', NULL, '2025-07-17 14:47:20'),
	(275, 6, 1, '{"checking": "hardware_update"}', NULL, '하드웨어 점검으로 인해 화면 보호기 설정 확인이 지연되고 있습니다.', NULL, '2025-07-18 11:00:00'),
	(276, 6, 2, '{"DisplayName": "Kaspersky", "RealTimeProtection": 1, "UpToDate": 1}', 1, 'Kaspersky 백신이 정상적으로 설치되어 있으며, 실시간 보호 및 최신 업데이트가 적용되어 있습니다.', NULL, '2025-07-18 11:15:35'),
	(277, 6, 3, '{"validating": "policy_update"}', NULL, '새로운 암호 정책 적용으로 인해 현재 설정을 검증 중입니다.', NULL, '2025-07-18 11:30:15'),
	(278, 6, 4, '{"passwordComplexity": 1}', 1, '암호 복잡도가 적절하게 설정되어 있습니다.', NULL, '2025-07-18 11:45:45'),
	(279, 6, 5, '{"maximumPasswordAge": "60"}', 1, '암호 변경 주기가 적절하게 설정되어 있습니다.', NULL, '2025-07-18 12:00:20'),
	(280, 6, 6, '{"passwordHistorySize": "8"}', 1, '동일 암호 사용 제한이 적절하게 설정되어 있습니다.', NULL, '2025-07-18 12:15:30'),
	(281, 6, 7, '{"folders": ["IPC$"]}', 1, '임시 공유 폴더가 제거되어 정상 상태입니다.', NULL, '2025-07-18 12:30:45'),
	(282, 6, 8, '{"fDenyTSConnections": 1}', 1, '원격 데스크톱이 적절하게 제한되어 있습니다.', NULL, '2025-07-18 12:45:20'),
	(283, 6, 1, '{"screenSaverEnabled": "1", "screenSaverTime": "300", "screenSaverSecure": "1"}', 1, '하드웨어 점검 완료 후 화면 보호기가 정상 작동하고 있습니다.', NULL, '2025-07-19 08:20:30'),
	(284, 6, 2, '{"DisplayName": "Kaspersky", "RealTimeProtection": 1, "UpToDate": 1, "QuarantineItems": 1}', 1, 'Kaspersky 백신이 의심스러운 파일 1개를 격리 처리했으며 시스템이 안전한 상태입니다.', NULL, '2025-07-19 08:21:45'),
	(285, 6, 3, '{"minimumPasswordLength": "12"}', 1, '새로운 정책에 따라 암호 길이가 12자로 더욱 강화되었습니다.', NULL, '2025-07-19 08:22:20'),
	(286, 6, 4, '{"passwordComplexity": 1, "specialCharacters": 2}', 1, '암호 복잡도가 특수문자 2개 이상 포함하도록 강화되었습니다.', NULL, '2025-07-19 08:23:10'),
	(287, 6, 5, '{"maximumPasswordAge": "45"}', 1, '암호 변경 주기가 45일로 더욱 강화되었습니다.', NULL, '2025-07-19 08:24:05'),
	(288, 6, 6, '{"passwordHistorySize": "10"}', 1, '암호 이력 관리가 10개로 최대한 강화되었습니다.', NULL, '2025-07-19 08:25:15'),
	(289, 6, 7, '{"folders": ["IPC$"]}', 1, '불필요한 공유 폴더가 없습니다.', NULL, '2025-07-19 08:26:30'),
	(290, 6, 8, '{"fDenyTSConnections": 1}', 1, '원격 데스크톱이 적절하게 제한되어 있습니다.', NULL, '2025-07-19 08:27:45'),
	(291, 6, 1, '{"screenSaverEnabled": "1", "screenSaverTime": "300", "screenSaverSecure": "1"}', 1, '화면 보호기가 강화된 정책에 따라 정상 작동하고 있습니다.', NULL, '2025-07-20 16:50:30'),
	(292, 6, 2, '{"DisplayName": "Kaspersky", "RealTimeProtection": 1, "UpToDate": 1}', 1, 'Kaspersky 백신이 정상적으로 설치되어 있으며, 실시간 보호 및 최신 업데이트가 적용되어 있습니다.', NULL, '2025-07-20 16:51:45'),
	(293, 6, 3, '{"minimumPasswordLength": "12"}', 1, '암호 길이가 강화된 정책에 맞게 설정되어 있습니다.', NULL, '2025-07-20 16:52:20'),
	(294, 6, 4, '{"passwordComplexity": 1}', 1, '암호 복잡도가 적절하게 설정되어 있습니다.', NULL, '2025-07-20 16:53:10'),
	(295, 6, 5, '{"maximumPasswordAge": "45"}', 1, '암호 변경 주기가 적절하게 설정되어 있습니다.', NULL, '2025-07-20 16:54:05'),
	(296, 6, 6, '{"passwordHistorySize": "10"}', 1, '동일 암호 사용 제한이 적절하게 설정되어 있습니다.', NULL, '2025-07-20 16:55:15'),
	(297, 6, 7, '{"folders": ["IPC$", "BACKUP_SHARE"]}', 0, '백업용 임시 공유 폴더가 발견되었으나 업무상 필요하여 제외 처리합니다.', '백업 업무용', '2025-07-20 16:56:30'),
	(298, 6, 8, '{"fDenyTSConnections": 1}', 1, '원격 데스크톱이 적절하게 제한되어 있습니다.', NULL, '2025-07-20 16:57:45'),
	(299, 6, 1, '{"screenSaverEnabled": "1", "screenSaverTime": "300", "screenSaverSecure": "1"}', 1, '화면 보호기가 5분 강화 설정으로 정상 작동하고 있습니다.', NULL, '2025-07-21 15:15:30'),
	(300, 6, 2, '{"DisplayName": "Norton 360", "RealTimeProtection": 1, "UpToDate": 1, "CloudBackup": 1}', 1, 'Norton 360으로 업그레이드되어 실시간 보호와 클라우드 백업 기능이 추가되었습니다.', NULL, '2025-07-21 15:16:45'),
	(301, 6, 3, '{"minimumPasswordLength": "12"}', 1, '암호 길이가 12자로 강화된 정책에 맞게 설정되어 있습니다.', NULL, '2025-07-21 15:17:20'),
	(302, 6, 4, '{"passwordComplexity": 1, "specialCharacters": 2}', 1, '암호 복잡도가 강화된 정책에 맞게 설정되어 있습니다.', NULL, '2025-07-21 15:18:10'),
	(303, 6, 5, '{"maximumPasswordAge": "45"}', 1, '암호 변경 주기가 45일로 강화되어 적절하게 설정되어 있습니다.', NULL, '2025-07-21 15:19:05'),
	(304, 6, 6, '{"passwordHistorySize": "10"}', 1, '암호 이력 관리가 10개로 강화되어 적절하게 설정되어 있습니다.', NULL, '2025-07-21 15:20:15'),
	(305, 6, 7, '{"folders": ["IPC$", "개발공유", "프로젝트협업공간"]}', 0, '개발팀 전용 공유 폴더와 프로젝트 협업 공간이 있습니다. 업무상 필요하여 제외 처리됩니다.', '업무상 필요', '2025-07-21 15:21:30'),
	(306, 6, 8, '{"fDenyTSConnections": 1}', 1, '원격 데스크톱이 적절하게 제한되어 있습니다.', NULL, '2025-07-21 15:22:45'),
	(307, 6, 1, '{"screenSaverEnabled": "1", "screenSaverTime": "300", "screenSaverSecure": "1"}', 1, '화면 보호기가 정상적으로 설정되어 있습니다.', NULL, '2025-07-22 09:30:20'),
	(308, 6, 2, '{"DisplayName": "Norton 360", "RealTimeProtection": 1, "UpToDate": 1, "ThreatsStopped": 3}', 1, 'Norton 360이 오늘 3개의 위협을 차단했으며 시스템이 안전하게 보호되고 있습니다.', NULL, '2025-07-22 09:31:35'),
	(309, 6, 3, '{"minimumPasswordLength": "12"}', 1, '암호 길이가 정책에 맞게 설정되어 있습니다.', NULL, '2025-07-22 09:32:15'),
	(310, 6, 4, '{"passwordComplexity": 1}', 1, '암호 복잡도가 적절하게 설정되어 있습니다.', NULL, '2025-07-22 09:33:45'),
	(311, 6, 5, '{"maximumPasswordAge": "45"}', 1, '암호 변경 주기가 적절하게 설정되어 있습니다.', NULL, '2025-07-22 09:34:20'),
	(312, 6, 6, '{"passwordHistorySize": "10"}', 1, '동일 암호 사용 제한이 적절하게 설정되어 있습니다.', NULL, '2025-07-22 09:35:30'),
	(313, 6, 7, '{"folders": ["IPC$"]}', 1, '업무용 공유 폴더가 정리되어 불필요한 공유가 없습니다.', NULL, '2025-07-22 09:36:45'),
	(314, 6, 8, '{"fDenyTSConnections": 1}', 1, '원격 데스크톱이 적절하게 제한되어 있습니다.', NULL, '2025-07-22 09:37:20'),
	(315, 6, 1, '{"screenSaverEnabled": "0", "userModified": "true"}', 0, '사용자가 화면 보호기를 임의로 비활성화했습니다. 정책에 따라 즉시 복구가 필요합니다.', NULL, '2025-07-23 13:45:30'),
	(316, 6, 2, '{"DisplayName": "Norton 360", "RealTimeProtection": 1, "UpToDate": 0, "LastUpdate": "2025-07-20"}', 0, 'Norton 360의 바이러스 정의 파일이 3일간 업데이트되지 않았습니다. 네트워크 연결을 확인하고 수동 업데이트를 실행해주세요.', NULL, '2025-07-23 13:46:45'),
	(317, 6, 3, '{"minimumPasswordLength": "12"}', 1, '암호 길이가 정책에 맞게 설정되어 있습니다.', NULL, '2025-07-23 13:47:20'),
	(318, 6, 4, '{"passwordComplexity": 1}', 1, '암호 복잡도가 적절하게 설정되어 있습니다.', NULL, '2025-07-23 13:48:10'),
	(319, 6, 5, '{"maximumPasswordAge": "45"}', 1, '암호 변경 주기가 적절하게 설정되어 있습니다.', NULL, '2025-07-23 13:49:05'),
	(320, 6, 6, '{"passwordHistorySize": "10"}', 1, '동일 암호 사용 제한이 적절하게 설정되어 있습니다.', NULL, '2025-07-23 13:50:15'),
	(321, 6, 7, '{"folders": ["IPC$", "긴급업무공유", "임시프로젝트파일"]}', 0, '긴급 업무 처리를 위한 임시 공유 폴더들이 생성되었습니다. 업무 완료 후 즉시 제거 예정입니다.', NULL, '2025-07-23 13:51:30'),
	(322, 6, 8, '{"fDenyTSConnections": 1}', 1, '원격 데스크톱이 적절하게 제한되어 있습니다.', NULL, '2025-07-23 13:52:45'),
	(323, 6, 1, '{"screenSaverEnabled": "1", "screenSaverTime": "300", "screenSaverSecure": "1", "autoRestore": "true"}', 1, '화면 보호기가 자동 복구 정책에 의해 재설정되었습니다.', NULL, '2025-07-24 10:15:30'),
	(324, 6, 2, '{"DisplayName": "Norton 360", "RealTimeProtection": 1, "UpToDate": 1, "ManualUpdate": "2025-07-24T09:00:00Z"}', 1, 'Norton 360 수동 업데이트가 완료되어 최신 상태로 복구되었습니다.', NULL, '2025-07-24 10:16:45'),
	(325, 6, 3, '{"minimumPasswordLength": "12"}', 1, '암호 길이가 정책에 맞게 설정되어 있습니다.', NULL, '2025-07-24 10:17:20'),
	(326, 6, 4, '{"passwordComplexity": 1}', 1, '암호 복잡도가 적절하게 설정되어 있습니다.', NULL, '2025-07-24 10:18:10'),
	(327, 6, 5, '{"maximumPasswordAge": "45"}', 1, '암호 변경 주기가 적절하게 설정되어 있습니다.', NULL, '2025-07-24 10:19:05'),
	(328, 6, 6, '{"passwordHistorySize": "10"}', 1, '동일 암호 사용 제한이 적절하게 설정되어 있습니다.', NULL, '2025-07-24 10:20:15'),
	(329, 6, 7, '{"folders": ["IPC$"]}', 1, '긴급 업무용 임시 공유 폴더가 정리되었습니다.', NULL, '2025-07-24 10:21:30'),
	(330, 6, 8, '{"fDenyTSConnections": 1}', 1, '원격 데스크톱이 적절하게 제한되어 있습니다.', NULL, '2025-07-24 10:22:45'),
	(331, 6, 1, '{"screenSaverEnabled": "1", "screenSaverTime": "300", "screenSaverSecure": "1", "biometricLock": "true"}', 1, '화면 보호기에 생체인식 잠금 기능이 추가되어 보안이 더욱 강화되었습니다.', NULL, '2025-07-25 10:30:20'),
	(332, 6, 2, '{"DisplayName": "Bitdefender Total Security", "RealTimeProtection": 1, "UpToDate": 1, "AdvancedThreatDefense": 1, "WebProtection": 1}', 1, 'Bitdefender Total Security로 변경되어 고급 위협 방어와 웹 보호 기능이 추가되었습니다.', NULL, '2025-07-25 10:31:35'),
	(333, 6, 3, '{"minimumPasswordLength": "14"}', 1, '암호 길이가 14자로 더욱 강화되어 최고 수준의 보안을 제공합니다.', NULL, '2025-07-25 10:32:15'),
	(334, 6, 4, '{"passwordComplexity": 1, "specialCharacters": 3, "upperCase": 2, "lowerCase": 2, "numbers": 2}', 1, '암호 복잡도가 특수문자 3개, 대소문자 각 2개, 숫자 2개 이상 포함하도록 최고 수준으로 강화되었습니다.', NULL, '2025-07-25 10:33:45'),
	(335, 6, 5, '{"maximumPasswordAge": "30"}', 1, '암호 변경 주기가 30일로 최대한 강화되어 최고 수준의 보안을 제공합니다.', NULL, '2025-07-25 10:34:20'),
	(336, 6, 6, '{"passwordHistorySize": "15"}', 1, '암호 이력 관리가 15개로 최대한 강화되어 과거 암호 재사용을 철저히 방지합니다.', NULL, '2025-07-25 10:35:30'),
	(337, 6, 7, '{"folders": ["IPC$"]}', 1, '불필요한 공유 폴더가 완전히 정리되어 최적의 보안 상태를 유지하고 있습니다.', NULL, '2025-07-25 10:36:45'),
	(338, 6, 8, '{"fDenyTSConnections": 1, "NetworkLevelAuthentication": "true", "AllowedUsers": "AdminOnly"}', 1, '원격 데스크톱이 네트워크 수준 인증과 관리자 전용 접속으로 최고 수준으로 제한되었습니다.', NULL, '2025-07-25 10:37:20'),
	(339, 6, 1, '{"screenSaverEnabled": "1", "screenSaverTime": "300", "screenSaverSecure": "1", "biometricLock": "true"}', 1, '생체인식 기능이 포함된 화면 보호기가 정상 작동하고 있습니다.', NULL, '2025-07-26 14:20:30'),
	(340, 6, 2, '{"DisplayName": "Bitdefender Total Security", "RealTimeProtection": 1, "UpToDate": 1, "ScanResults": "Clean"}', 1, 'Bitdefender Total Security가 시스템 전체 검사를 완료했으며 위협이 발견되지 않았습니다.', NULL, '2025-07-26 14:21:45'),
	(341, 6, 3, '{"minimumPasswordLength": "14"}', 1, '암호 길이가 최고 수준으로 설정되어 있습니다.', NULL, '2025-07-26 14:22:20'),
	(342, 6, 4, '{"passwordComplexity": 1}', 1, '암호 복잡도가 최고 수준으로 설정되어 있습니다.', NULL, '2025-07-26 14:23:10'),
	(343, 6, 5, '{"maximumPasswordAge": "30"}', 1, '암호 변경 주기가 최고 수준으로 설정되어 있습니다.', NULL, '2025-07-26 14:24:05'),
	(344, 6, 6, '{"passwordHistorySize": "15"}', 1, '암호 이력 관리가 최고 수준으로 설정되어 있습니다.', NULL, '2025-07-26 14:25:15'),
	(345, 6, 7, '{"folders": ["IPC$"]}', 1, '불필요한 공유 폴더가 없습니다.', NULL, '2025-07-26 14:26:30'),
	(346, 6, 8, '{"fDenyTSConnections": 1}', 1, '원격 데스크톱이 최고 수준으로 제한되어 있습니다.', NULL, '2025-07-26 14:27:45'),
	(347, 6, 1, '{"screenSaverEnabled": "1", "screenSaverTime": "300", "screenSaverSecure": "1", "biometricLock": "true"}', 1, '화면 보호기가 최고 수준의 보안 설정으로 정상 작동하고 있습니다.', NULL, '2025-07-27 11:40:30'),
	(348, 6, 2, '{"DisplayName": "Bitdefender Total Security", "RealTimeProtection": 1, "UpToDate": 1}', 1, 'Bitdefender Total Security가 정상적으로 설치되어 있으며, 실시간 보호 및 최신 업데이트가 적용되어 있습니다.', NULL, '2025-07-27 11:41:45'),
	(349, 6, 3, '{"minimumPasswordLength": "14"}', 1, '암호 길이가 정책에 맞게 설정되어 있습니다.', NULL, '2025-07-27 11:42:20'),
	(350, 6, 4, '{"passwordComplexity": 1}', 1, '암호 복잡도가 적절하게 설정되어 있습니다.', NULL, '2025-07-27 11:43:10'),
	(351, 6, 5, '{"maximumPasswordAge": "30"}', 1, '암호 변경 주기가 적절하게 설정되어 있습니다.', NULL, '2025-07-27 11:44:05'),
	(352, 6, 6, '{"passwordHistorySize": "15"}', 1, '동일 암호 사용 제한이 적절하게 설정되어 있습니다.', NULL, '2025-07-27 11:45:15'),
	(353, 6, 7, '{"folders": ["IPC$", "연구개발자료"]}', 0, '연구개발팀 전용 자료 공유 폴더가 발견되었으나 업무상 필요하여 제외 처리합니다.', '연구개발 업무용', '2025-07-27 11:46:30'),
	(354, 6, 8, '{"fDenyTSConnections": 1}', 1, '원격 데스크톱이 적절하게 제한되어 있습니다.', NULL, '2025-07-27 11:47:45'),
	(355, 6, 1, '{"maintenance": "weekend_check"}', NULL, '주말 정기 점검으로 인해 화면 보호기 설정 확인이 지연되고 있습니다.', NULL, '2025-07-28 19:00:00'),
	(356, 6, 2, '{"DisplayName": "Bitdefender Total Security", "RealTimeProtection": 1, "UpToDate": 1, "WeekendScan": "InProgress"}', 1, 'Bitdefender Total Security가 주말 정기 전체 스캔을 진행 중이며 실시간 보호는 정상 작동하고 있습니다.', NULL, '2025-07-28 19:15:35'),
	(357, 6, 3, '{"validating": "weekend_policy_check"}', NULL, '주말 정기 정책 검증으로 인해 암호 설정 확인이 지연되고 있습니다.', NULL, '2025-07-28 19:30:20'),
	(358, 6, 4, '{"passwordComplexity": 1}', 1, '암호 복잡도가 적절하게 설정되어 있습니다.', NULL, '2025-07-28 19:45:10'),
	(359, 6, 5, '{"maximumPasswordAge": "30"}', 1, '암호 변경 주기가 적절하게 설정되어 있습니다.', NULL, '2025-07-28 20:00:05'),
	(360, 6, 6, '{"passwordHistorySize": "15"}', 1, '동일 암호 사용 제한이 적절하게 설정되어 있습니다.', NULL, '2025-07-28 20:15:15'),
	(361, 6, 7, '{"folders": ["IPC$"]}', 1, '연구개발 자료 공유 폴더가 정리되었습니다.', NULL, '2025-07-28 20:30:30'),
	(362, 6, 8, '{"fDenyTSConnections": 1}', 1, '원격 데스크톱이 적절하게 제한되어 있습니다.', NULL, '2025-07-28 20:45:45'),
	(363, 6, 1, '{"screenSaverEnabled": "1", "screenSaverTime": "300", "screenSaverSecure": "1", "biometricLock": "true"}', 1, '주말 점검 완료 후 화면 보호기가 정상 작동하고 있습니다.', NULL, '2025-07-29 08:50:30'),
	(364, 6, 2, '{"DisplayName": "Bitdefender Total Security", "RealTimeProtection": 1, "UpToDate": 1, "WeekendScanResult": "Clean", "ThreatsBlocked": 0}', 1, 'Bitdefender Total Security 주말 전체 스캔이 완료되었으며 위협이 발견되지 않았습니다.', NULL, '2025-07-29 08:51:45'),
	(365, 6, 3, '{"minimumPasswordLength": "14"}', 1, '주말 정책 검증이 완료되어 암호 길이가 정책에 맞게 설정되어 있습니다.', NULL, '2025-07-29 08:52:20'),
	(366, 6, 4, '{"passwordComplexity": 1}', 1, '암호 복잡도가 적절하게 설정되어 있습니다.', NULL, '2025-07-29 08:53:10'),
	(367, 6, 5, '{"maximumPasswordAge": "30"}', 1, '암호 변경 주기가 적절하게 설정되어 있습니다.', NULL, '2025-07-29 08:54:05'),
	(368, 6, 6, '{"passwordHistorySize": "15"}', 1, '동일 암호 사용 제한이 적절하게 설정되어 있습니다.', NULL, '2025-07-29 08:55:15'),
	(369, 6, 7, '{"folders": ["IPC$"]}', 1, '불필요한 공유 폴더가 없습니다.', NULL, '2025-07-29 08:56:30'),
	(370, 6, 8, '{"fDenyTSConnections": 1}', 1, '원격 데스크톱이 적절하게 제한되어 있습니다.', NULL, '2025-07-29 08:57:45'),
	(371, 6, 1, '{"screenSaverEnabled": "1", "screenSaverTime": "300", "screenSaverSecure": "1", "biometricLock": "true"}', 1, '화면 보호기가 최고 수준의 보안 설정으로 정상 작동하고 있습니다.', NULL, '2025-07-30 12:35:30'),
	(372, 6, 2, '{"DisplayName": "Bitdefender Total Security", "RealTimeProtection": 1, "UpToDate": 1}', 1, 'Bitdefender Total Security가 정상적으로 설치되어 있으며, 실시간 보호 및 최신 업데이트가 적용되어 있습니다.', NULL, '2025-07-30 12:36:45'),
	(373, 6, 3, '{"minimumPasswordLength": "14"}', 1, '암호 길이가 정책에 맞게 설정되어 있습니다.', NULL, '2025-07-30 12:37:20'),
	(374, 6, 4, '{"passwordComplexity": 1}', 1, '암호 복잡도가 적절하게 설정되어 있습니다.', NULL, '2025-07-30 12:38:10'),
	(375, 6, 5, '{"maximumPasswordAge": "30"}', 1, '암호 변경 주기가 적절하게 설정되어 있습니다.', NULL, '2025-07-30 12:39:05'),
	(376, 6, 6, '{"passwordHistorySize": "15"}', 1, '동일 암호 사용 제한이 적절하게 설정되어 있습니다.', NULL, '2025-07-30 12:40:15'),
	(377, 6, 7, '{"folders": ["IPC$", "월말정산자료"]}', 0, '월말 정산 업무를 위한 임시 공유 폴더가 생성되었으나 업무상 필요하여 제외 처리합니다.', '월말정산 업무용', '2025-07-30 12:41:30'),
	(378, 6, 8, '{"fDenyTSConnections": 1}', 1, '원격 데스크톱이 적절하게 제한되어 있습니다.', NULL, '2025-07-30 12:42:45'),
	(379, 6, 1, '{"screenSaverEnabled": "1", "screenSaverTime": "300", "screenSaverSecure": "1", "biometricLock": "true", "monthlyReport": "Excellent"}', 1, '7월 한달간 화면 보호기가 최고 수준의 보안 설정으로 완벽하게 운영되었습니다.', NULL, '2025-07-31 17:45:30'),
	(380, 6, 2, '{"DisplayName": "Bitdefender Total Security", "RealTimeProtection": 1, "UpToDate": 1, "MonthlyStats": {"TotalScans": 31, "ThreatsBlocked": 15, "SystemHealth": "Excellent"}}', 1, 'Bitdefender Total Security가 7월 한달간 31회 스캔을 실행하고 15개의 위협을 차단하여 시스템을 완벽하게 보호했습니다.', NULL, '2025-07-31 17:46:45'),
	(381, 6, 3, '{"minimumPasswordLength": "14", "monthlyCompliance": "100%"}', 1, '7월 한달간 암호 길이 정책 준수율이 100%로 완벽하게 관리되었습니다.', NULL, '2025-07-31 17:47:20'),
	(382, 6, 4, '{"passwordComplexity": 1, "monthlyCompliance": "100%"}', 1, '7월 한달간 암호 복잡도 정책 준수율이 100%로 완벽하게 관리되었습니다.', NULL, '2025-07-31 17:48:10'),
	(383, 6, 5, '{"maximumPasswordAge": "30", "monthlyCompliance": "100%"}', 1, '7월 한달간 암호 변경 주기 정책 준수율이 100%로 완벽하게 관리되었습니다.', NULL, '2025-07-31 17:49:05'),
	(384, 6, 6, '{"passwordHistorySize": "15", "monthlyCompliance": "100%"}', 1, '7월 한달간 암호 이력 관리 정책 준수율이 100%로 완벽하게 관리되었습니다.', NULL, '2025-07-31 17:50:15'),
	(385, 6, 7, '{"folders": ["IPC$"], "monthlyReport": "CleanupCompleted"}', 1, '7월 한달간 불필요한 공유 폴더 정리가 완료되어 최적의 보안 상태를 유지했습니다.', NULL, '2025-07-31 17:51:30'),
	(386, 6, 8, '{"fDenyTSConnections": 1, "monthlyCompliance": "100%"}', 1, '7월 한달간 원격 데스크톱 제한 정책 준수율이 100%로 완벽하게 관리되었습니다.', NULL, '2025-07-31 17:52:45'),
	(419, 6, 1, '{"status": "pending", "message": "검사 대기 중"}', 1, 'pending 상태 자동 통과 처리', NULL, '2025-09-23 06:46:30'),
	(420, 6, 2, '{"status": "pending", "message": "검사 대기 중"}', 1, 'pending 상태 자동 통과 처리', NULL, '2025-09-23 06:46:30'),
	(421, 6, 3, '{"status": "pending", "message": "검사 대기 중"}', 1, 'pending 상태 자동 통과 처리', NULL, '2025-09-23 06:46:30'),
	(422, 6, 4, '{"status": "pending", "message": "검사 대기 중"}', 1, 'pending 상태 자동 통과 처리', NULL, '2025-09-23 06:46:30'),
	(423, 6, 5, '{"status": "pending", "message": "검사 대기 중"}', 1, 'pending 상태 자동 통과 처리', NULL, '2025-09-23 06:46:30'),
	(424, 6, 6, '{"status": "pending", "message": "검사 대기 중"}', 1, 'pending 상태 자동 통과 처리', NULL, '2025-09-23 06:46:30'),
	(425, 6, 7, '{"status": "pending", "message": "검사 대기 중"}', 1, 'pending 상태 자동 통과 처리', NULL, '2025-09-23 06:46:30'),
	(426, 6, 8, '{"status": "pending", "message": "검사 대기 중"}', 1, 'pending 상태 자동 통과 처리', NULL, '2025-09-23 06:46:30');

CREATE TABLE IF NOT EXISTS `checklist_items` (
  `item_id` int(11) NOT NULL AUTO_INCREMENT,
  `item_name` varchar(255) NOT NULL COMMENT '점검 항목명',
  `category` varchar(100) NOT NULL COMMENT '카테고리',
  `description` text DEFAULT NULL COMMENT '상세 설명',
  `check_type` enum('daily','manual') NOT NULL DEFAULT 'daily' COMMENT '점검 유형 (정기/수시)',
  `check_frequency` varchar(50) DEFAULT 'daily' COMMENT '점검 주기',
  `penalty_weight` decimal(3,1) DEFAULT 0.5 COMMENT '감점 가중치 (기본 0.5점)',
  `created_at` timestamp NULL DEFAULT current_timestamp(),
  `updated_at` timestamp NULL DEFAULT current_timestamp() ON UPDATE current_timestamp(),
  PRIMARY KEY (`item_id`),
  KEY `idx_check_type` (`check_type`),
  KEY `idx_category` (`category`),
  KEY `idx_checklist_items_type` (`check_type`,`item_id`)
) ENGINE=InnoDB DEFAULT CHARSET=utf8mb4 COLLATE=utf8mb4_unicode_ci COMMENT='보안 점검 항목';

DELETE FROM `checklist_items`;
INSERT INTO `checklist_items` (`item_id`, `item_name`, `category`, `description`, `check_type`, `check_frequency`, `penalty_weight`, `created_at`, `updated_at`) VALUES
	(1, '화면보호기 사용', '접근통제', '화면보호기 설정 및 시간 확인', 'daily', 'daily', 0.5, '2025-06-03 03:44:38', '2025-06-03 03:44:38'),
	(2, '백신 상태 확인', '악성코드', '백신 설치 및 업데이트 상태 확인', 'daily', 'daily', 0.5, '2025-06-03 03:44:38', '2025-06-03 04:16:36'),
	(3, '패스워드 길이의 적정성', '접근통제', '최소 패스워드 길이 정책 확인', 'daily', 'daily', 0.5, '2025-06-03 03:44:38', '2025-06-03 04:16:43'),
	(4, '패스워드 복잡도 설정', '접근통제', '패스워드 복잡도 정책 확인', 'daily', 'daily', 0.5, '2025-06-03 03:44:38', '2025-06-03 04:16:47'),
	(5, '패스워드 주기적 변경', '접근통제', '패스워드 주기적 변경 정책 확인', 'daily', 'daily', 0.5, '2025-06-03 03:44:38', '2025-06-03 04:16:51'),
	(6, '동일 패스워드 설정 제한', '접근통제', '동일 패스워드 설정 정책 확인', 'daily', 'daily', 0.5, '2025-06-03 03:44:38', '2025-06-03 04:16:53'),
	(7, '공유폴더 확인', '접근통제', '공유폴더 설정 확인', 'daily', 'daily', 0.5, '2025-06-03 03:44:38', '2025-06-03 04:16:59'),
	(8, '원격데스크톱 제한', '접근통제', '원격 데스크톱 연결 제한 설정', 'daily', 'daily', 0.5, '2025-06-03 03:44:38', '2025-06-03 04:17:02');

CREATE TABLE IF NOT EXISTS `department_exceptions` (
  `exception_id` bigint(20) NOT NULL AUTO_INCREMENT,
  `department` varchar(100) NOT NULL COMMENT '부서명',
  `item_id` varchar(255) NOT NULL COMMENT '항목 ID (audit: 숫자, education/training: 문자열)',
  `item_type` enum('audit','education','training') NOT NULL COMMENT '항목 유형',
  `item_name` varchar(255) NOT NULL COMMENT '항목명',
  `item_category` varchar(100) NOT NULL COMMENT '항목 카테고리',
  `exclude_reason` varchar(255) NOT NULL COMMENT '제외 사유',
  `exclude_type` enum('permanent','temporary') DEFAULT 'permanent' COMMENT '제외 유형',
  `start_date` date DEFAULT NULL COMMENT '제외 시작일 (temporary인 경우)',
  `end_date` date DEFAULT NULL COMMENT '제외 종료일 (temporary인 경우)',
  `created_by` varchar(50) NOT NULL COMMENT '설정한 관리자',
  `created_at` timestamp NULL DEFAULT current_timestamp(),
  `updated_at` timestamp NULL DEFAULT current_timestamp() ON UPDATE current_timestamp(),
  `is_active` tinyint(1) DEFAULT 1 COMMENT '활성 상태',
  PRIMARY KEY (`exception_id`),
  UNIQUE KEY `uk_dept_item_exception` (`department`,`item_id`,`item_type`),
  KEY `idx_department` (`department`),
  KEY `idx_item_type` (`item_type`),
  KEY `idx_active` (`is_active`),
  KEY `idx_dept_exceptions_search` (`department`,`item_type`,`is_active`),
  KEY `idx_item_search` (`item_id`,`item_type`)
) ENGINE=InnoDB DEFAULT CHARSET=utf8mb4 COLLATE=utf8mb4_unicode_ci COMMENT='통합 부서별 예외 설정 테이블';

DELETE FROM `department_exceptions`;

CREATE TABLE IF NOT EXISTS `department_extended_exceptions` (
  `dept_exception_id` bigint(20) NOT NULL AUTO_INCREMENT,
  `department` varchar(100) NOT NULL COMMENT '부서명',
  `item_id` varchar(100) NOT NULL COMMENT '항목 ID (정수형: 감사항목, 문자형: 교육/훈련)',
  `item_type` enum('audit_item','training_period','education_period') NOT NULL COMMENT '항목 유형',
  `item_name` varchar(255) NOT NULL COMMENT '항목명 (비정규화)',
  `item_category` varchar(100) NOT NULL COMMENT '항목 카테고리 (비정규화)',
  `exclude_reason` varchar(500) NOT NULL COMMENT '제외 사유',
  `exclude_type` enum('permanent','temporary') DEFAULT 'permanent' COMMENT '제외 유형',
  `start_date` date DEFAULT NULL COMMENT '제외 시작일 (temporary인 경우)',
  `end_date` date DEFAULT NULL COMMENT '제외 종료일 (temporary인 경우)',
  `created_by` varchar(50) NOT NULL COMMENT '설정한 관리자',
  `created_at` timestamp NULL DEFAULT current_timestamp(),
  `updated_at` timestamp NULL DEFAULT current_timestamp() ON UPDATE current_timestamp(),
  `is_active` tinyint(1) DEFAULT 1 COMMENT '활성 상태',
  PRIMARY KEY (`dept_exception_id`),
  UNIQUE KEY `uk_dept_extended_exception` (`department`,`item_id`,`item_type`),
  KEY `idx_department_extended` (`department`),
  KEY `idx_item_type_dept_extended` (`item_type`),
  KEY `idx_active_dept_extended` (`is_active`),
  KEY `idx_dept_item_category` (`item_category`),
  KEY `idx_dept_extended_search` (`department`,`item_type`,`is_active`)
) ENGINE=InnoDB DEFAULT CHARSET=utf8mb4 COLLATE=utf8mb4_unicode_ci COMMENT='부서별 확장 감사 항목 제외 설정 (감사/교육/훈련)';

DELETE FROM `department_extended_exceptions`;

CREATE TABLE IF NOT EXISTS `department_item_exceptions` (
  `dept_exception_id` bigint(20) NOT NULL AUTO_INCREMENT,
  `department` varchar(100) NOT NULL COMMENT '부서명',
  `item_id` int(11) NOT NULL COMMENT 'checklist_items 테이블 참조',
  `exclude_reason` varchar(255) NOT NULL COMMENT '제외 사유',
  `exclude_type` enum('permanent','temporary') DEFAULT 'permanent' COMMENT '제외 유형',
  `start_date` date DEFAULT NULL COMMENT '제외 시작일 (temporary인 경우)',
  `end_date` date DEFAULT NULL COMMENT '제외 종료일 (temporary인 경우)',
  `created_by` varchar(50) NOT NULL COMMENT '설정한 관리자',
  `created_at` timestamp NULL DEFAULT current_timestamp(),
  `updated_at` timestamp NULL DEFAULT current_timestamp() ON UPDATE current_timestamp(),
  `is_active` tinyint(1) DEFAULT 1 COMMENT '활성 상태',
  `item_type` varchar(50) DEFAULT 'audit' COMMENT '항목 유형 (audit/education/training)',
  `item_name` varchar(255) DEFAULT '' COMMENT '항목명 (중복 저장)',
  `item_category` varchar(100) DEFAULT '' COMMENT '항목 카테고리 (중복 저장)',
  PRIMARY KEY (`dept_exception_id`),
  UNIQUE KEY `uk_dept_item_exception` (`department`,`item_id`),
  KEY `idx_department` (`department`),
  KEY `idx_item_id_dept` (`item_id`),
  KEY `idx_active_dept` (`is_active`),
  KEY `idx_dept_exceptions_type` (`department`,`item_type`,`is_active`)
) ENGINE=InnoDB DEFAULT CHARSET=utf8mb4 COLLATE=utf8mb4_unicode_ci COMMENT='부서별 감사 항목 제외 설정';

DELETE FROM `department_item_exceptions`;

CREATE TABLE IF NOT EXISTS `manual_check_items` (
  `item_id` int(11) NOT NULL AUTO_INCREMENT,
  `item_code` varchar(50) NOT NULL COMMENT '항목 코드',
  `item_name` varchar(255) NOT NULL COMMENT '점검 항목명',
  `item_category` varchar(100) NOT NULL COMMENT '카테고리',
  `description` text DEFAULT NULL COMMENT '상세 설명',
  `penalty_weight` decimal(3,1) DEFAULT 0.5 COMMENT '감점 가중치',
  `is_active` tinyint(1) DEFAULT 1,
  `created_at` timestamp NULL DEFAULT current_timestamp(),
  PRIMARY KEY (`item_id`),
  UNIQUE KEY `uk_item_code` (`item_code`)
) ENGINE=InnoDB DEFAULT CHARSET=utf8mb4 COLLATE=utf8mb4_unicode_ci COMMENT='수시 점검 항목';

DELETE FROM `manual_check_items`;
INSERT INTO `manual_check_items` (`item_id`, `item_code`, `item_name`, `item_category`, `description`, `penalty_weight`, `is_active`, `created_at`) VALUES
	(9, 'seal_check', 'PC 봉인씰 확인', '물리보안', 'PC 봉인씰 상태 점검', 0.5, 1, '2025-06-10 15:33:57'),
	(10, 'malware_scan', '악성코드 전체 검사', '악성코드', '전체 시스템 악성코드 검사', 0.5, 1, '2025-06-10 15:33:57'),
	(11, 'file_encryption', '개인정보 파일 암호화', '개인정보보호', '개인정보 파일 암호화 적용 여부', 0.5, 1, '2025-06-10 15:33:57');

CREATE TABLE IF NOT EXISTS `manual_check_periods` (
  `period_id` bigint(20) NOT NULL AUTO_INCREMENT,
  `check_type` enum('seal_check','malware_scan','file_encryption') NOT NULL COMMENT '점검 유형',
  `period_year` int(11) NOT NULL COMMENT '점검 연도',
  `period_name` varchar(50) NOT NULL COMMENT '기간명 (Q1, Q2, 상반기 등)',
  `start_date` date NOT NULL COMMENT '점검 시작일',
  `end_date` date NOT NULL COMMENT '점검 종료일',
  `is_completed` tinyint(1) DEFAULT 0 COMMENT '완료 여부 (0: 미완료, 1: 완료)',
  `completed_at` timestamp NULL DEFAULT NULL COMMENT '완료 처리 시각',
  `completed_by` varchar(50) DEFAULT NULL COMMENT '완료 처리한 관리자',
  `description` text DEFAULT NULL COMMENT '기간 설명',
  `auto_pass_setting` tinyint(1) DEFAULT 1 COMMENT '자동 통과 처리 여부',
  `created_by` varchar(50) NOT NULL COMMENT '생성한 관리자',
  `created_at` timestamp NULL DEFAULT current_timestamp(),
  `updated_at` timestamp NULL DEFAULT current_timestamp() ON UPDATE current_timestamp(),
  `is_active` tinyint(1) DEFAULT 1 COMMENT '활성 상태',
  PRIMARY KEY (`period_id`),
  UNIQUE KEY `uk_type_year_period` (`check_type`,`period_year`,`period_name`),
  KEY `idx_check_type` (`check_type`),
  KEY `idx_period_year` (`period_year`),
  KEY `idx_is_completed` (`is_completed`),
  KEY `idx_active` (`is_active`)
) ENGINE=InnoDB DEFAULT CHARSET=utf8mb4 COLLATE=utf8mb4_unicode_ci COMMENT='수시 점검 기간 설정';

DELETE FROM `manual_check_periods`;

CREATE TABLE IF NOT EXISTS `manual_check_results` (
  `check_id` bigint(20) NOT NULL AUTO_INCREMENT,
  `user_id` bigint(20) NOT NULL COMMENT 'users 테이블 참조',
  `check_item_code` varchar(50) NOT NULL DEFAULT 'seal_check' COMMENT '점검 항목 코드 (seal_check, malware_scan, file_encryption)',
  `source_ip` varchar(45) DEFAULT NULL COMMENT '출처 IP (악성코드/암호화에서 사용)',
  `check_year` int(11) NOT NULL COMMENT '점검 연도',
  `check_period` varchar(20) NOT NULL COMMENT '점검 기간',
  `check_date` datetime NOT NULL COMMENT '점검 실시 일시',
  `checker_name` varchar(100) NOT NULL COMMENT '점검자명',
  `seal_status` enum('normal','damaged','missing','replacement_needed') DEFAULT NULL COMMENT '봉인씰 상태',
  `seal_number` varchar(50) DEFAULT NULL COMMENT '봉인 번호',
  `seal_notes` text DEFAULT NULL COMMENT '봉인씰 관련 비고',
  `malware_scan_result` enum('clean','infected','scan_failed','not_performed') DEFAULT NULL COMMENT '악성코드 검사 결과',
  `threats_found` int(11) DEFAULT 0 COMMENT '발견된 위협 수',
  `threats_cleaned` tinyint(1) DEFAULT 0 COMMENT '치료 완료 여부',
  `antivirus_version` varchar(100) DEFAULT NULL COMMENT '백신 엔진 버전',
  `malware_notes` text DEFAULT NULL COMMENT '악성코드 검사 관련 비고',
  `malware_name` varchar(255) DEFAULT NULL COMMENT '악성코드명',
  `malware_classification` varchar(100) DEFAULT NULL COMMENT '악성코드 분류',
  `malware_path` text DEFAULT NULL COMMENT '악성코드 경로',
  `detection_item` varchar(255) DEFAULT NULL COMMENT '탐지 항목',
  `encryption_status` enum('fully_encrypted','not_encrypted','partially_encrypted','not_applicable') DEFAULT NULL COMMENT '암호화 상태',
  `files_scanned` int(11) DEFAULT 0 COMMENT '검사된 파일 수',
  `unencrypted_files` int(11) DEFAULT 0 COMMENT '미암호화 파일 수',
  `encryption_completed` tinyint(1) DEFAULT 0 COMMENT '암호화 조치 완료 여부',
  `encryption_notes` text DEFAULT NULL COMMENT '암호화 관련 비고',
  `round_number` varchar(20) DEFAULT NULL COMMENT '회차 정보 (161회차 등)',
  `ssn_included` tinyint(1) DEFAULT 0 COMMENT '주민등록번호 포함 여부',
  `overall_result` enum('pass','fail','partial') NOT NULL COMMENT '종합 점검 결과',
  `total_score` decimal(5,2) DEFAULT 0.00 COMMENT '총점',
  `penalty_points` decimal(5,2) DEFAULT 0.00 COMMENT '감점',
  `notes` text DEFAULT NULL COMMENT '전체 비고',
  `exclude_from_scoring` tinyint(1) DEFAULT 0 COMMENT '점수 산정 제외 여부',
  `exclude_reason` varchar(500) DEFAULT NULL COMMENT '제외 사유',
  `created_at` timestamp NULL DEFAULT current_timestamp(),
  `updated_at` timestamp NULL DEFAULT current_timestamp() ON UPDATE current_timestamp(),
  `period_id` bigint(20) DEFAULT NULL COMMENT '연결된 기간 ID',
  PRIMARY KEY (`check_id`),
  KEY `idx_user_period` (`user_id`,`check_year`,`check_period`),
  KEY `idx_check_date` (`check_date`),
  KEY `idx_overall_result` (`overall_result`),
  KEY `period_id` (`period_id`),
  KEY `idx_check_item_code` (`check_item_code`),
  KEY `idx_check_type_year_period` (`check_item_code`,`check_year`,`check_period`),
  KEY `idx_check_type_result` (`check_item_code`,`overall_result`),
  CONSTRAINT `manual_check_results_ibfk_1` FOREIGN KEY (`user_id`) REFERENCES `users` (`uid`),
  CONSTRAINT `manual_check_results_ibfk_2` FOREIGN KEY (`period_id`) REFERENCES `manual_check_periods` (`period_id`)
) ENGINE=InnoDB DEFAULT CHARSET=utf8mb4 COLLATE=utf8mb4_unicode_ci COMMENT='수시 점검 결과';

DELETE FROM `manual_check_results`;

CREATE TABLE IF NOT EXISTS `phishing_training` (
  `training_id` bigint(20) NOT NULL AUTO_INCREMENT,
  `user_id` bigint(20) NOT NULL COMMENT 'users 테이블의 uid 참조',
  `period_id` bigint(20) NOT NULL COMMENT '훈련 기간 ID 참조',
  `training_year` int(11) NOT NULL COMMENT '훈련 연도',
  `email_sent_time` timestamp NULL DEFAULT NULL COMMENT '메일발송시각',
  `action_time` timestamp NULL DEFAULT NULL COMMENT '수행시각 (사용자가 행동한 시간)',
  `log_type` varchar(100) DEFAULT NULL COMMENT '로그유형 (스크립트 첨부파일 열람, 이메일 열람2 등)',
  `mail_type` varchar(100) DEFAULT NULL COMMENT '메일유형 (퇴직연금 운용, 세금계산서, 카카오톡 등)',
  `target_email` varchar(255) DEFAULT NULL COMMENT '대상 이메일 주소',
  `training_result` enum('success','fail','no_response') DEFAULT 'no_response' COMMENT '훈련 결과 (성공, 실패, 무응답)',
  `response_time_minutes` int(11) DEFAULT NULL COMMENT '응답 시간 (분 단위)',
  `notes` text DEFAULT NULL COMMENT '비고',
  `exclude_from_scoring` tinyint(1) DEFAULT 0 COMMENT '점수 계산 제외 여부',
  `exclude_reason` text DEFAULT NULL COMMENT '제외 사유',
  `created_at` timestamp NULL DEFAULT current_timestamp(),
  `updated_at` timestamp NULL DEFAULT current_timestamp() ON UPDATE current_timestamp(),
  PRIMARY KEY (`training_id`),
  UNIQUE KEY `uk_user_period_email` (`user_id`,`period_id`,`target_email`),
  KEY `idx_training_year` (`training_year`),
  KEY `idx_training_result` (`training_result`),
  KEY `idx_log_type` (`log_type`),
  KEY `idx_mail_type` (`mail_type`),
  KEY `period_id` (`period_id`),
  KEY `idx_email_sent_time` (`email_sent_time`),
  KEY `idx_action_time` (`action_time`),
  KEY `idx_user_year_result` (`user_id`,`training_year`,`training_result`),
  KEY `idx_target_email` (`target_email`),
  CONSTRAINT `phishing_training_ibfk_1` FOREIGN KEY (`user_id`) REFERENCES `users` (`uid`) ON DELETE CASCADE,
  CONSTRAINT `phishing_training_ibfk_2` FOREIGN KEY (`period_id`) REFERENCES `phishing_training_periods` (`period_id`) ON DELETE CASCADE
) ENGINE=InnoDB DEFAULT CHARSET=utf8mb4 COLLATE=utf8mb4_unicode_ci COMMENT='피싱 훈련 이력 (엑셀 업로드 매핑)';

DELETE FROM `phishing_training`;
INSERT INTO `phishing_training` (`training_id`, `user_id`, `period_id`, `training_year`, `email_sent_time`, `action_time`, `log_type`, `mail_type`, `target_email`, `training_result`, `response_time_minutes`, `notes`, `exclude_from_scoring`, `exclude_reason`, `created_at`, `updated_at`) VALUES
	(104, 6, 8, 2025, '2025-10-20 01:16:57', NULL, '자동 완료', '자동 통과', 'admin@test.com', 'success', NULL, '기간 완료로 인한 자동 통과 처리', 0, NULL, '2025-10-20 01:16:57', '2025-10-20 01:16:57'),
	(105, 7, 8, 2025, '2025-10-20 01:16:57', NULL, '자동 완료', '자동 통과', 'dududu@nice.com', 'success', NULL, '기간 완료로 인한 자동 통과 처리', 0, NULL, '2025-10-20 01:16:57', '2025-10-20 01:16:57'),
	(106, 8, 8, 2025, '2025-10-20 01:16:57', NULL, '자동 완료', '자동 통과', 'dev001@company.com', 'success', NULL, '기간 완료로 인한 자동 통과 처리', 0, NULL, '2025-10-20 01:16:57', '2025-10-20 01:16:57'),
	(107, 9, 8, 2025, '2025-10-20 01:16:57', NULL, '자동 완료', '자동 통과', 'dev002@company.com', 'success', NULL, '기간 완료로 인한 자동 통과 처리', 0, NULL, '2025-10-20 01:16:57', '2025-10-20 01:16:57'),
	(108, 10, 8, 2025, '2025-10-20 01:16:57', NULL, '자동 완료', '자동 통과', 'dev003@company.com', 'success', NULL, '기간 완료로 인한 자동 통과 처리', 0, NULL, '2025-10-20 01:16:57', '2025-10-20 01:16:57'),
	(109, 11, 8, 2025, '2025-10-20 01:16:57', NULL, '자동 완료', '자동 통과', 'dev004@company.com', 'success', NULL, '기간 완료로 인한 자동 통과 처리', 0, NULL, '2025-10-20 01:16:57', '2025-10-20 01:16:57'),
	(110, 12, 8, 2025, '2025-10-20 01:16:57', NULL, '자동 완료', '자동 통과', 'dev005@company.com', 'success', NULL, '기간 완료로 인한 자동 통과 처리', 0, NULL, '2025-10-20 01:16:57', '2025-10-20 01:16:57'),
	(111, 13, 8, 2025, '2025-10-20 01:16:57', NULL, '자동 완료', '자동 통과', 'dev006@company.com', 'success', NULL, '기간 완료로 인한 자동 통과 처리', 0, NULL, '2025-10-20 01:16:57', '2025-10-20 01:16:57'),
	(112, 14, 8, 2025, '2025-10-20 01:16:57', NULL, '자동 완료', '자동 통과', 'dev007@company.com', 'success', NULL, '기간 완료로 인한 자동 통과 처리', 0, NULL, '2025-10-20 01:16:57', '2025-10-20 01:16:57'),
	(113, 15, 8, 2025, '2025-10-20 01:16:57', NULL, '자동 완료', '자동 통과', 'dev008@company.com', 'success', NULL, '기간 완료로 인한 자동 통과 처리', 0, NULL, '2025-10-20 01:16:57', '2025-10-20 01:16:57'),
	(114, 16, 8, 2025, '2025-10-20 01:16:57', NULL, '자동 완료', '자동 통과', 'dev009@company.com', 'success', NULL, '기간 완료로 인한 자동 통과 처리', 0, NULL, '2025-10-20 01:16:57', '2025-10-20 01:16:57'),
	(115, 17, 8, 2025, '2025-10-20 01:16:57', NULL, '자동 완료', '자동 통과', 'dev010@company.com', 'success', NULL, '기간 완료로 인한 자동 통과 처리', 0, NULL, '2025-10-20 01:16:57', '2025-10-20 01:16:57'),
	(116, 18, 8, 2025, '2025-10-20 01:16:57', NULL, '자동 완료', '자동 통과', 'dev011@company.com', 'success', NULL, '기간 완료로 인한 자동 통과 처리', 0, NULL, '2025-10-20 01:16:57', '2025-10-20 01:16:57'),
	(117, 19, 8, 2025, '2025-10-20 01:16:57', NULL, '자동 완료', '자동 통과', 'dev012@company.com', 'success', NULL, '기간 완료로 인한 자동 통과 처리', 0, NULL, '2025-10-20 01:16:57', '2025-10-20 01:16:57'),
	(118, 20, 8, 2025, '2025-10-20 01:16:57', NULL, '자동 완료', '자동 통과', 'dev013@company.com', 'success', NULL, '기간 완료로 인한 자동 통과 처리', 0, NULL, '2025-10-20 01:16:57', '2025-10-20 01:16:57'),
	(119, 21, 8, 2025, '2025-10-20 01:16:57', NULL, '자동 완료', '자동 통과', 'dev014@company.com', 'success', NULL, '기간 완료로 인한 자동 통과 처리', 0, NULL, '2025-10-20 01:16:57', '2025-10-20 01:16:57'),
	(120, 22, 8, 2025, '2025-10-20 01:16:57', NULL, '자동 완료', '자동 통과', 'dev015@company.com', 'success', NULL, '기간 완료로 인한 자동 통과 처리', 0, NULL, '2025-10-20 01:16:57', '2025-10-20 01:16:57'),
	(121, 23, 8, 2025, '2025-10-20 01:16:57', NULL, '자동 완료', '자동 통과', 'dev016@company.com', 'success', NULL, '기간 완료로 인한 자동 통과 처리', 0, NULL, '2025-10-20 01:16:57', '2025-10-20 01:16:57'),
	(122, 24, 8, 2025, '2025-10-20 01:16:57', NULL, '자동 완료', '자동 통과', 'dev017@company.com', 'success', NULL, '기간 완료로 인한 자동 통과 처리', 0, NULL, '2025-10-20 01:16:57', '2025-10-20 01:16:57'),
	(123, 25, 8, 2025, '2025-10-20 01:16:57', NULL, '자동 완료', '자동 통과', 'dev018@company.com', 'success', NULL, '기간 완료로 인한 자동 통과 처리', 0, NULL, '2025-10-20 01:16:57', '2025-10-20 01:16:57'),
	(124, 26, 8, 2025, '2025-10-20 01:16:57', NULL, '자동 완료', '자동 통과', 'dev019@company.com', 'success', NULL, '기간 완료로 인한 자동 통과 처리', 0, NULL, '2025-10-20 01:16:57', '2025-10-20 01:16:57'),
	(125, 27, 8, 2025, '2025-10-20 01:16:57', NULL, '자동 완료', '자동 통과', 'dev020@company.com', 'success', NULL, '기간 완료로 인한 자동 통과 처리', 0, NULL, '2025-10-20 01:16:57', '2025-10-20 01:16:57'),
	(126, 28, 8, 2025, '2025-10-20 01:16:57', NULL, '자동 완료', '자동 통과', 'dev021@company.com', 'success', NULL, '기간 완료로 인한 자동 통과 처리', 0, NULL, '2025-10-20 01:16:57', '2025-10-20 01:16:57'),
	(127, 29, 8, 2025, '2025-10-20 01:16:57', NULL, '자동 완료', '자동 통과', 'dev022@company.com', 'success', NULL, '기간 완료로 인한 자동 통과 처리', 0, NULL, '2025-10-20 01:16:57', '2025-10-20 01:16:57'),
	(128, 30, 8, 2025, '2025-10-20 01:16:57', NULL, '자동 완료', '자동 통과', 'dev023@company.com', 'success', NULL, '기간 완료로 인한 자동 통과 처리', 0, NULL, '2025-10-20 01:16:57', '2025-10-20 01:16:57'),
	(129, 31, 8, 2025, '2025-10-20 01:16:57', NULL, '자동 완료', '자동 통과', 'dev024@company.com', 'success', NULL, '기간 완료로 인한 자동 통과 처리', 0, NULL, '2025-10-20 01:16:57', '2025-10-20 01:16:57'),
	(130, 32, 8, 2025, '2025-10-20 01:16:57', NULL, '자동 완료', '자동 통과', 'dev025@company.com', 'success', NULL, '기간 완료로 인한 자동 통과 처리', 0, NULL, '2025-10-20 01:16:57', '2025-10-20 01:16:57'),
	(131, 33, 8, 2025, '2025-10-20 01:16:57', NULL, '자동 완료', '자동 통과', 'dev026@company.com', 'success', NULL, '기간 완료로 인한 자동 통과 처리', 0, NULL, '2025-10-20 01:16:57', '2025-10-20 01:16:57'),
	(132, 34, 8, 2025, '2025-10-20 01:16:57', NULL, '자동 완료', '자동 통과', 'dev027@company.com', 'success', NULL, '기간 완료로 인한 자동 통과 처리', 0, NULL, '2025-10-20 01:16:57', '2025-10-20 01:16:57'),
	(133, 35, 8, 2025, '2025-10-20 01:16:57', NULL, '자동 완료', '자동 통과', 'dev028@company.com', 'success', NULL, '기간 완료로 인한 자동 통과 처리', 0, NULL, '2025-10-20 01:16:57', '2025-10-20 01:16:57'),
	(134, 36, 8, 2025, '2025-10-20 01:16:57', NULL, '자동 완료', '자동 통과', 'dev029@company.com', 'success', NULL, '기간 완료로 인한 자동 통과 처리', 0, NULL, '2025-10-20 01:16:57', '2025-10-20 01:16:57'),
	(135, 37, 8, 2025, '2025-10-20 01:16:57', NULL, '자동 완료', '자동 통과', 'dev030@company.com', 'success', NULL, '기간 완료로 인한 자동 통과 처리', 0, NULL, '2025-10-20 01:16:57', '2025-10-20 01:16:57'),
	(136, 38, 8, 2025, '2025-10-20 01:16:57', NULL, '자동 완료', '자동 통과', 'dev031@company.com', 'success', NULL, '기간 완료로 인한 자동 통과 처리', 0, NULL, '2025-10-20 01:16:57', '2025-10-20 01:16:57'),
	(137, 39, 8, 2025, '2025-10-20 01:16:57', NULL, '자동 완료', '자동 통과', 'dev032@company.com', 'success', NULL, '기간 완료로 인한 자동 통과 처리', 0, NULL, '2025-10-20 01:16:57', '2025-10-20 01:16:57'),
	(138, 40, 8, 2025, '2025-10-20 01:16:57', NULL, '자동 완료', '자동 통과', 'dev033@company.com', 'success', NULL, '기간 완료로 인한 자동 통과 처리', 0, NULL, '2025-10-20 01:16:57', '2025-10-20 01:16:57'),
	(139, 41, 8, 2025, '2025-10-20 01:16:57', NULL, '자동 완료', '자동 통과', 'dev034@company.com', 'success', NULL, '기간 완료로 인한 자동 통과 처리', 0, NULL, '2025-10-20 01:16:57', '2025-10-20 01:16:57'),
	(140, 42, 8, 2025, '2025-10-20 01:16:57', NULL, '자동 완료', '자동 통과', 'dev035@company.com', 'success', NULL, '기간 완료로 인한 자동 통과 처리', 0, NULL, '2025-10-20 01:16:57', '2025-10-20 01:16:57'),
	(141, 43, 8, 2025, '2025-10-20 01:16:57', NULL, '자동 완료', '자동 통과', 'dev036@company.com', 'success', NULL, '기간 완료로 인한 자동 통과 처리', 0, NULL, '2025-10-20 01:16:57', '2025-10-20 01:16:57'),
	(142, 44, 8, 2025, '2025-10-20 01:16:57', NULL, '자동 완료', '자동 통과', 'dev037@company.com', 'success', NULL, '기간 완료로 인한 자동 통과 처리', 0, NULL, '2025-10-20 01:16:57', '2025-10-20 01:16:57'),
	(143, 45, 8, 2025, '2025-10-20 01:16:57', NULL, '자동 완료', '자동 통과', 'dev038@company.com', 'success', NULL, '기간 완료로 인한 자동 통과 처리', 0, NULL, '2025-10-20 01:16:57', '2025-10-20 01:16:57'),
	(144, 46, 8, 2025, '2025-10-20 01:16:57', NULL, '자동 완료', '자동 통과', 'dev039@company.com', 'success', NULL, '기간 완료로 인한 자동 통과 처리', 0, NULL, '2025-10-20 01:16:57', '2025-10-20 01:16:57'),
	(145, 47, 8, 2025, '2025-10-20 01:16:57', NULL, '자동 완료', '자동 통과', 'dev040@company.com', 'success', NULL, '기간 완료로 인한 자동 통과 처리', 0, NULL, '2025-10-20 01:16:57', '2025-10-20 01:16:57'),
	(146, 48, 8, 2025, '2025-10-20 01:16:57', NULL, '자동 완료', '자동 통과', 'ops001@company.com', 'success', NULL, '기간 완료로 인한 자동 통과 처리', 0, NULL, '2025-10-20 01:16:57', '2025-10-20 01:16:57'),
	(147, 49, 8, 2025, '2025-10-20 01:16:57', NULL, '자동 완료', '자동 통과', 'ops002@company.com', 'success', NULL, '기간 완료로 인한 자동 통과 처리', 0, NULL, '2025-10-20 01:16:57', '2025-10-20 01:16:57'),
	(148, 50, 8, 2025, '2025-10-20 01:16:57', NULL, '자동 완료', '자동 통과', 'ops003@company.com', 'success', NULL, '기간 완료로 인한 자동 통과 처리', 0, NULL, '2025-10-20 01:16:57', '2025-10-20 01:16:57'),
	(149, 51, 8, 2025, '2025-10-20 01:16:57', NULL, '자동 완료', '자동 통과', 'ops004@company.com', 'success', NULL, '기간 완료로 인한 자동 통과 처리', 0, NULL, '2025-10-20 01:16:57', '2025-10-20 01:16:57'),
	(150, 52, 8, 2025, '2025-10-20 01:16:57', NULL, '자동 완료', '자동 통과', 'ops005@company.com', 'success', NULL, '기간 완료로 인한 자동 통과 처리', 0, NULL, '2025-10-20 01:16:57', '2025-10-20 01:16:57'),
	(151, 53, 8, 2025, '2025-10-20 01:16:57', NULL, '자동 완료', '자동 통과', 'ops006@company.com', 'success', NULL, '기간 완료로 인한 자동 통과 처리', 0, NULL, '2025-10-20 01:16:57', '2025-10-20 01:16:57'),
	(152, 54, 8, 2025, '2025-10-20 01:16:57', NULL, '자동 완료', '자동 통과', 'ops007@company.com', 'success', NULL, '기간 완료로 인한 자동 통과 처리', 0, NULL, '2025-10-20 01:16:57', '2025-10-20 01:16:57'),
	(153, 55, 8, 2025, '2025-10-20 01:16:57', NULL, '자동 완료', '자동 통과', 'ops008@company.com', 'success', NULL, '기간 완료로 인한 자동 통과 처리', 0, NULL, '2025-10-20 01:16:57', '2025-10-20 01:16:57'),
	(154, 56, 8, 2025, '2025-10-20 01:16:57', NULL, '자동 완료', '자동 통과', 'ops009@company.com', 'success', NULL, '기간 완료로 인한 자동 통과 처리', 0, NULL, '2025-10-20 01:16:57', '2025-10-20 01:16:57'),
	(155, 57, 8, 2025, '2025-10-20 01:16:57', NULL, '자동 완료', '자동 통과', 'ops010@company.com', 'success', NULL, '기간 완료로 인한 자동 통과 처리', 0, NULL, '2025-10-20 01:16:57', '2025-10-20 01:16:57'),
	(156, 58, 8, 2025, '2025-10-20 01:16:57', NULL, '자동 완료', '자동 통과', 'ops011@company.com', 'success', NULL, '기간 완료로 인한 자동 통과 처리', 0, NULL, '2025-10-20 01:16:57', '2025-10-20 01:16:57'),
	(157, 59, 8, 2025, '2025-10-20 01:16:57', NULL, '자동 완료', '자동 통과', 'ops012@company.com', 'success', NULL, '기간 완료로 인한 자동 통과 처리', 0, NULL, '2025-10-20 01:16:57', '2025-10-20 01:16:57'),
	(158, 60, 8, 2025, '2025-10-20 01:16:57', NULL, '자동 완료', '자동 통과', 'ops013@company.com', 'success', NULL, '기간 완료로 인한 자동 통과 처리', 0, NULL, '2025-10-20 01:16:57', '2025-10-20 01:16:57'),
	(159, 61, 8, 2025, '2025-10-20 01:16:57', NULL, '자동 완료', '자동 통과', 'ops014@company.com', 'success', NULL, '기간 완료로 인한 자동 통과 처리', 0, NULL, '2025-10-20 01:16:57', '2025-10-20 01:16:57'),
	(160, 62, 8, 2025, '2025-10-20 01:16:57', NULL, '자동 완료', '자동 통과', 'ops015@company.com', 'success', NULL, '기간 완료로 인한 자동 통과 처리', 0, NULL, '2025-10-20 01:16:57', '2025-10-20 01:16:57'),
	(161, 63, 8, 2025, '2025-10-20 01:16:57', NULL, '자동 완료', '자동 통과', 'ops016@company.com', 'success', NULL, '기간 완료로 인한 자동 통과 처리', 0, NULL, '2025-10-20 01:16:57', '2025-10-20 01:16:57'),
	(162, 64, 8, 2025, '2025-10-20 01:16:57', NULL, '자동 완료', '자동 통과', 'ops017@company.com', 'success', NULL, '기간 완료로 인한 자동 통과 처리', 0, NULL, '2025-10-20 01:16:57', '2025-10-20 01:16:57'),
	(163, 65, 8, 2025, '2025-10-20 01:16:57', NULL, '자동 완료', '자동 통과', 'ops018@company.com', 'success', NULL, '기간 완료로 인한 자동 통과 처리', 0, NULL, '2025-10-20 01:16:57', '2025-10-20 01:16:57'),
	(164, 66, 8, 2025, '2025-10-20 01:16:57', NULL, '자동 완료', '자동 통과', 'ops019@company.com', 'success', NULL, '기간 완료로 인한 자동 통과 처리', 0, NULL, '2025-10-20 01:16:57', '2025-10-20 01:16:57'),
	(165, 67, 8, 2025, '2025-10-20 01:16:57', NULL, '자동 완료', '자동 통과', 'ops020@company.com', 'success', NULL, '기간 완료로 인한 자동 통과 처리', 0, NULL, '2025-10-20 01:16:57', '2025-10-20 01:16:57'),
	(166, 68, 8, 2025, '2025-10-20 01:16:57', NULL, '자동 완료', '자동 통과', 'ops021@company.com', 'success', NULL, '기간 완료로 인한 자동 통과 처리', 0, NULL, '2025-10-20 01:16:57', '2025-10-20 01:16:57'),
	(167, 69, 8, 2025, '2025-10-20 01:16:57', NULL, '자동 완료', '자동 통과', 'ops022@company.com', 'success', NULL, '기간 완료로 인한 자동 통과 처리', 0, NULL, '2025-10-20 01:16:57', '2025-10-20 01:16:57'),
	(168, 70, 8, 2025, '2025-10-20 01:16:57', NULL, '자동 완료', '자동 통과', 'ops023@company.com', 'success', NULL, '기간 완료로 인한 자동 통과 처리', 0, NULL, '2025-10-20 01:16:57', '2025-10-20 01:16:57'),
	(169, 71, 8, 2025, '2025-10-20 01:16:57', NULL, '자동 완료', '자동 통과', 'ops024@company.com', 'success', NULL, '기간 완료로 인한 자동 통과 처리', 0, NULL, '2025-10-20 01:16:57', '2025-10-20 01:16:57'),
	(170, 72, 8, 2025, '2025-10-20 01:16:57', NULL, '자동 완료', '자동 통과', 'ops025@company.com', 'success', NULL, '기간 완료로 인한 자동 통과 처리', 0, NULL, '2025-10-20 01:16:57', '2025-10-20 01:16:57'),
	(171, 73, 8, 2025, '2025-10-20 01:16:57', NULL, '자동 완료', '자동 통과', 'ops026@company.com', 'success', NULL, '기간 완료로 인한 자동 통과 처리', 0, NULL, '2025-10-20 01:16:57', '2025-10-20 01:16:57'),
	(172, 74, 8, 2025, '2025-10-20 01:16:57', NULL, '자동 완료', '자동 통과', 'ops027@company.com', 'success', NULL, '기간 완료로 인한 자동 통과 처리', 0, NULL, '2025-10-20 01:16:57', '2025-10-20 01:16:57'),
	(173, 75, 8, 2025, '2025-10-20 01:16:57', NULL, '자동 완료', '자동 통과', 'ops028@company.com', 'success', NULL, '기간 완료로 인한 자동 통과 처리', 0, NULL, '2025-10-20 01:16:57', '2025-10-20 01:16:57'),
	(174, 76, 8, 2025, '2025-10-20 01:16:57', NULL, '자동 완료', '자동 통과', 'ops029@company.com', 'success', NULL, '기간 완료로 인한 자동 통과 처리', 0, NULL, '2025-10-20 01:16:57', '2025-10-20 01:16:57'),
	(175, 77, 8, 2025, '2025-10-20 01:16:57', NULL, '자동 완료', '자동 통과', 'ops030@company.com', 'success', NULL, '기간 완료로 인한 자동 통과 처리', 0, NULL, '2025-10-20 01:16:57', '2025-10-20 01:16:57'),
	(176, 78, 8, 2025, '2025-10-20 01:16:57', NULL, '자동 완료', '자동 통과', 'ops031@company.com', 'success', NULL, '기간 완료로 인한 자동 통과 처리', 0, NULL, '2025-10-20 01:16:57', '2025-10-20 01:16:57'),
	(177, 79, 8, 2025, '2025-10-20 01:16:57', NULL, '자동 완료', '자동 통과', 'ops032@company.com', 'success', NULL, '기간 완료로 인한 자동 통과 처리', 0, NULL, '2025-10-20 01:16:57', '2025-10-20 01:16:57'),
	(178, 80, 8, 2025, '2025-10-20 01:16:57', NULL, '자동 완료', '자동 통과', 'ops033@company.com', 'success', NULL, '기간 완료로 인한 자동 통과 처리', 0, NULL, '2025-10-20 01:16:57', '2025-10-20 01:16:57'),
	(179, 81, 8, 2025, '2025-10-20 01:16:57', NULL, '자동 완료', '자동 통과', 'ops034@company.com', 'success', NULL, '기간 완료로 인한 자동 통과 처리', 0, NULL, '2025-10-20 01:16:57', '2025-10-20 01:16:57'),
	(180, 82, 8, 2025, '2025-10-20 01:16:57', NULL, '자동 완료', '자동 통과', 'ops035@company.com', 'success', NULL, '기간 완료로 인한 자동 통과 처리', 0, NULL, '2025-10-20 01:16:57', '2025-10-20 01:16:57'),
	(181, 83, 8, 2025, '2025-10-20 01:16:57', NULL, '자동 완료', '자동 통과', 'ops036@company.com', 'success', NULL, '기간 완료로 인한 자동 통과 처리', 0, NULL, '2025-10-20 01:16:57', '2025-10-20 01:16:57'),
	(182, 84, 8, 2025, '2025-10-20 01:16:57', NULL, '자동 완료', '자동 통과', 'ops037@company.com', 'success', NULL, '기간 완료로 인한 자동 통과 처리', 0, NULL, '2025-10-20 01:16:57', '2025-10-20 01:16:57'),
	(183, 85, 8, 2025, '2025-10-20 01:16:57', NULL, '자동 완료', '자동 통과', 'ops038@company.com', 'success', NULL, '기간 완료로 인한 자동 통과 처리', 0, NULL, '2025-10-20 01:16:57', '2025-10-20 01:16:57'),
	(184, 86, 8, 2025, '2025-10-20 01:16:57', NULL, '자동 완료', '자동 통과', 'ops039@company.com', 'success', NULL, '기간 완료로 인한 자동 통과 처리', 0, NULL, '2025-10-20 01:16:57', '2025-10-20 01:16:57'),
	(185, 87, 8, 2025, '2025-10-20 01:16:57', NULL, '자동 완료', '자동 통과', 'ops040@company.com', 'success', NULL, '기간 완료로 인한 자동 통과 처리', 0, NULL, '2025-10-20 01:16:57', '2025-10-20 01:16:57'),
	(186, 88, 8, 2025, '2025-10-20 01:16:57', NULL, '자동 완료', '자동 통과', 'plan001@company.com', 'success', NULL, '기간 완료로 인한 자동 통과 처리', 0, NULL, '2025-10-20 01:16:57', '2025-10-20 01:16:57'),
	(187, 89, 8, 2025, '2025-10-20 01:16:57', NULL, '자동 완료', '자동 통과', 'plan002@company.com', 'success', NULL, '기간 완료로 인한 자동 통과 처리', 0, NULL, '2025-10-20 01:16:57', '2025-10-20 01:16:57'),
	(188, 90, 8, 2025, '2025-10-20 01:16:57', NULL, '자동 완료', '자동 통과', 'plan003@company.com', 'success', NULL, '기간 완료로 인한 자동 통과 처리', 0, NULL, '2025-10-20 01:16:57', '2025-10-20 01:16:57'),
	(189, 91, 8, 2025, '2025-10-20 01:16:57', NULL, '자동 완료', '자동 통과', 'plan004@company.com', 'success', NULL, '기간 완료로 인한 자동 통과 처리', 0, NULL, '2025-10-20 01:16:57', '2025-10-20 01:16:57'),
	(190, 92, 8, 2025, '2025-10-20 01:16:57', NULL, '자동 완료', '자동 통과', 'plan005@company.com', 'success', NULL, '기간 완료로 인한 자동 통과 처리', 0, NULL, '2025-10-20 01:16:57', '2025-10-20 01:16:57'),
	(191, 93, 8, 2025, '2025-10-20 01:16:57', NULL, '자동 완료', '자동 통과', 'plan006@company.com', 'success', NULL, '기간 완료로 인한 자동 통과 처리', 0, NULL, '2025-10-20 01:16:57', '2025-10-20 01:16:57'),
	(192, 94, 8, 2025, '2025-10-20 01:16:57', NULL, '자동 완료', '자동 통과', 'plan007@company.com', 'success', NULL, '기간 완료로 인한 자동 통과 처리', 0, NULL, '2025-10-20 01:16:57', '2025-10-20 01:16:57'),
	(193, 95, 8, 2025, '2025-10-20 01:16:57', NULL, '자동 완료', '자동 통과', 'plan008@company.com', 'success', NULL, '기간 완료로 인한 자동 통과 처리', 0, NULL, '2025-10-20 01:16:57', '2025-10-20 01:16:57'),
	(194, 96, 8, 2025, '2025-10-20 01:16:57', NULL, '자동 완료', '자동 통과', 'plan009@company.com', 'success', NULL, '기간 완료로 인한 자동 통과 처리', 0, NULL, '2025-10-20 01:16:57', '2025-10-20 01:16:57'),
	(195, 97, 8, 2025, '2025-10-20 01:16:57', NULL, '자동 완료', '자동 통과', 'plan010@company.com', 'success', NULL, '기간 완료로 인한 자동 통과 처리', 0, NULL, '2025-10-20 01:16:57', '2025-10-20 01:16:57'),
	(196, 98, 8, 2025, '2025-10-20 01:16:57', NULL, '자동 완료', '자동 통과', 'plan011@company.com', 'success', NULL, '기간 완료로 인한 자동 통과 처리', 0, NULL, '2025-10-20 01:16:57', '2025-10-20 01:16:57'),
	(197, 99, 8, 2025, '2025-10-20 01:16:57', NULL, '자동 완료', '자동 통과', 'plan012@company.com', 'success', NULL, '기간 완료로 인한 자동 통과 처리', 0, NULL, '2025-10-20 01:16:57', '2025-10-20 01:16:57'),
	(198, 100, 8, 2025, '2025-10-20 01:16:57', NULL, '자동 완료', '자동 통과', 'plan013@company.com', 'success', NULL, '기간 완료로 인한 자동 통과 처리', 0, NULL, '2025-10-20 01:16:57', '2025-10-20 01:16:57'),
	(199, 101, 8, 2025, '2025-10-20 01:16:57', NULL, '자동 완료', '자동 통과', 'plan014@company.com', 'success', NULL, '기간 완료로 인한 자동 통과 처리', 0, NULL, '2025-10-20 01:16:57', '2025-10-20 01:16:57'),
	(200, 102, 8, 2025, '2025-10-20 01:16:57', NULL, '자동 완료', '자동 통과', 'plan015@company.com', 'success', NULL, '기간 완료로 인한 자동 통과 처리', 0, NULL, '2025-10-20 01:16:57', '2025-10-20 01:16:57'),
	(201, 103, 8, 2025, '2025-10-20 01:16:57', NULL, '자동 완료', '자동 통과', 'plan016@company.com', 'success', NULL, '기간 완료로 인한 자동 통과 처리', 0, NULL, '2025-10-20 01:16:57', '2025-10-20 01:16:57'),
	(202, 104, 8, 2025, '2025-10-20 01:16:57', NULL, '자동 완료', '자동 통과', 'plan017@company.com', 'success', NULL, '기간 완료로 인한 자동 통과 처리', 0, NULL, '2025-10-20 01:16:57', '2025-10-20 01:16:57'),
	(203, 105, 8, 2025, '2025-10-20 01:16:57', NULL, '자동 완료', '자동 통과', 'plan018@company.com', 'success', NULL, '기간 완료로 인한 자동 통과 처리', 0, NULL, '2025-10-20 01:16:57', '2025-10-20 01:16:57'),
	(204, 106, 8, 2025, '2025-10-20 01:16:57', NULL, '자동 완료', '자동 통과', 'plan019@company.com', 'success', NULL, '기간 완료로 인한 자동 통과 처리', 0, NULL, '2025-10-20 01:16:57', '2025-10-20 01:16:57'),
	(205, 107, 8, 2025, '2025-10-20 01:16:57', NULL, '자동 완료', '자동 통과', 'plan020@company.com', 'success', NULL, '기간 완료로 인한 자동 통과 처리', 0, NULL, '2025-10-20 01:16:57', '2025-10-20 01:16:57'),
	(206, 108, 8, 2025, '2025-10-20 01:16:57', NULL, '자동 완료', '자동 통과', 'plan021@company.com', 'success', NULL, '기간 완료로 인한 자동 통과 처리', 0, NULL, '2025-10-20 01:16:57', '2025-10-20 01:16:57'),
	(207, 109, 8, 2025, '2025-10-20 01:16:57', NULL, '자동 완료', '자동 통과', 'plan022@company.com', 'success', NULL, '기간 완료로 인한 자동 통과 처리', 0, NULL, '2025-10-20 01:16:57', '2025-10-20 01:16:57'),
	(208, 110, 8, 2025, '2025-10-20 01:16:57', NULL, '자동 완료', '자동 통과', 'plan023@company.com', 'success', NULL, '기간 완료로 인한 자동 통과 처리', 0, NULL, '2025-10-20 01:16:57', '2025-10-20 01:16:57'),
	(209, 111, 8, 2025, '2025-10-20 01:16:57', NULL, '자동 완료', '자동 통과', 'plan024@company.com', 'success', NULL, '기간 완료로 인한 자동 통과 처리', 0, NULL, '2025-10-20 01:16:57', '2025-10-20 01:16:57'),
	(210, 112, 8, 2025, '2025-10-20 01:16:57', NULL, '자동 완료', '자동 통과', 'plan025@company.com', 'success', NULL, '기간 완료로 인한 자동 통과 처리', 0, NULL, '2025-10-20 01:16:57', '2025-10-20 01:16:57'),
	(211, 113, 8, 2025, '2025-10-20 01:16:57', NULL, '자동 완료', '자동 통과', 'plan026@company.com', 'success', NULL, '기간 완료로 인한 자동 통과 처리', 0, NULL, '2025-10-20 01:16:57', '2025-10-20 01:16:57'),
	(212, 114, 8, 2025, '2025-10-20 01:16:57', NULL, '자동 완료', '자동 통과', 'plan027@company.com', 'success', NULL, '기간 완료로 인한 자동 통과 처리', 0, NULL, '2025-10-20 01:16:57', '2025-10-20 01:16:57'),
	(213, 115, 8, 2025, '2025-10-20 01:16:57', NULL, '자동 완료', '자동 통과', 'plan028@company.com', 'success', NULL, '기간 완료로 인한 자동 통과 처리', 0, NULL, '2025-10-20 01:16:57', '2025-10-20 01:16:57'),
	(214, 116, 8, 2025, '2025-10-20 01:16:57', NULL, '자동 완료', '자동 통과', 'plan029@company.com', 'success', NULL, '기간 완료로 인한 자동 통과 처리', 0, NULL, '2025-10-20 01:16:57', '2025-10-20 01:16:57'),
	(215, 117, 8, 2025, '2025-10-20 01:16:57', NULL, '자동 완료', '자동 통과', 'plan030@company.com', 'success', NULL, '기간 완료로 인한 자동 통과 처리', 0, NULL, '2025-10-20 01:16:57', '2025-10-20 01:16:57'),
	(216, 118, 8, 2025, '2025-10-20 01:16:57', NULL, '자동 완료', '자동 통과', 'plan031@company.com', 'success', NULL, '기간 완료로 인한 자동 통과 처리', 0, NULL, '2025-10-20 01:16:57', '2025-10-20 01:16:57'),
	(217, 119, 8, 2025, '2025-10-20 01:16:57', NULL, '자동 완료', '자동 통과', 'plan032@company.com', 'success', NULL, '기간 완료로 인한 자동 통과 처리', 0, NULL, '2025-10-20 01:16:57', '2025-10-20 01:16:57'),
	(218, 120, 8, 2025, '2025-10-20 01:16:57', NULL, '자동 완료', '자동 통과', 'plan033@company.com', 'success', NULL, '기간 완료로 인한 자동 통과 처리', 0, NULL, '2025-10-20 01:16:57', '2025-10-20 01:16:57'),
	(219, 121, 8, 2025, '2025-10-20 01:16:57', NULL, '자동 완료', '자동 통과', 'plan034@company.com', 'success', NULL, '기간 완료로 인한 자동 통과 처리', 0, NULL, '2025-10-20 01:16:57', '2025-10-20 01:16:57'),
	(220, 122, 8, 2025, '2025-10-20 01:16:57', NULL, '자동 완료', '자동 통과', 'plan035@company.com', 'success', NULL, '기간 완료로 인한 자동 통과 처리', 0, NULL, '2025-10-20 01:16:57', '2025-10-20 01:16:57'),
	(221, 123, 8, 2025, '2025-10-20 01:16:57', NULL, '자동 완료', '자동 통과', 'plan036@company.com', 'success', NULL, '기간 완료로 인한 자동 통과 처리', 0, NULL, '2025-10-20 01:16:57', '2025-10-20 01:16:57'),
	(222, 124, 8, 2025, '2025-10-20 01:16:57', NULL, '자동 완료', '자동 통과', 'plan037@company.com', 'success', NULL, '기간 완료로 인한 자동 통과 처리', 0, NULL, '2025-10-20 01:16:57', '2025-10-20 01:16:57'),
	(223, 125, 8, 2025, '2025-10-20 01:16:57', NULL, '자동 완료', '자동 통과', 'plan038@company.com', 'success', NULL, '기간 완료로 인한 자동 통과 처리', 0, NULL, '2025-10-20 01:16:57', '2025-10-20 01:16:57'),
	(224, 126, 8, 2025, '2025-10-20 01:16:57', NULL, '자동 완료', '자동 통과', 'plan039@company.com', 'success', NULL, '기간 완료로 인한 자동 통과 처리', 0, NULL, '2025-10-20 01:16:57', '2025-10-20 01:16:57'),
	(225, 127, 8, 2025, '2025-10-20 01:16:57', NULL, '자동 완료', '자동 통과', 'plan040@company.com', 'success', NULL, '기간 완료로 인한 자동 통과 처리', 0, NULL, '2025-10-20 01:16:57', '2025-10-20 01:16:57'),
	(226, 128, 8, 2025, '2025-10-20 01:16:57', NULL, '자동 완료', '자동 통과', 'hr001@company.com', 'success', NULL, '기간 완료로 인한 자동 통과 처리', 0, NULL, '2025-10-20 01:16:57', '2025-10-20 01:16:57'),
	(227, 129, 8, 2025, '2025-10-20 01:16:57', NULL, '자동 완료', '자동 통과', 'hr002@company.com', 'success', NULL, '기간 완료로 인한 자동 통과 처리', 0, NULL, '2025-10-20 01:16:57', '2025-10-20 01:16:57'),
	(228, 130, 8, 2025, '2025-10-20 01:16:57', NULL, '자동 완료', '자동 통과', 'hr003@company.com', 'success', NULL, '기간 완료로 인한 자동 통과 처리', 0, NULL, '2025-10-20 01:16:57', '2025-10-20 01:16:57'),
	(229, 131, 8, 2025, '2025-10-20 01:16:57', NULL, '자동 완료', '자동 통과', 'hr004@company.com', 'success', NULL, '기간 완료로 인한 자동 통과 처리', 0, NULL, '2025-10-20 01:16:57', '2025-10-20 01:16:57'),
	(230, 132, 8, 2025, '2025-10-20 01:16:57', NULL, '자동 완료', '자동 통과', 'hr005@company.com', 'success', NULL, '기간 완료로 인한 자동 통과 처리', 0, NULL, '2025-10-20 01:16:57', '2025-10-20 01:16:57'),
	(231, 133, 8, 2025, '2025-10-20 01:16:57', NULL, '자동 완료', '자동 통과', 'hr006@company.com', 'success', NULL, '기간 완료로 인한 자동 통과 처리', 0, NULL, '2025-10-20 01:16:57', '2025-10-20 01:16:57'),
	(232, 134, 8, 2025, '2025-10-20 01:16:57', NULL, '자동 완료', '자동 통과', 'hr007@company.com', 'success', NULL, '기간 완료로 인한 자동 통과 처리', 0, NULL, '2025-10-20 01:16:57', '2025-10-20 01:16:57'),
	(233, 135, 8, 2025, '2025-10-20 01:16:57', NULL, '자동 완료', '자동 통과', 'hr008@company.com', 'success', NULL, '기간 완료로 인한 자동 통과 처리', 0, NULL, '2025-10-20 01:16:57', '2025-10-20 01:16:57'),
	(234, 136, 8, 2025, '2025-10-20 01:16:57', NULL, '자동 완료', '자동 통과', 'hr009@company.com', 'success', NULL, '기간 완료로 인한 자동 통과 처리', 0, NULL, '2025-10-20 01:16:57', '2025-10-20 01:16:57'),
	(235, 137, 8, 2025, '2025-10-20 01:16:57', NULL, '자동 완료', '자동 통과', 'hr010@company.com', 'success', NULL, '기간 완료로 인한 자동 통과 처리', 0, NULL, '2025-10-20 01:16:57', '2025-10-20 01:16:57'),
	(236, 138, 8, 2025, '2025-10-20 01:16:57', NULL, '자동 완료', '자동 통과', 'hr011@company.com', 'success', NULL, '기간 완료로 인한 자동 통과 처리', 0, NULL, '2025-10-20 01:16:57', '2025-10-20 01:16:57'),
	(237, 139, 8, 2025, '2025-10-20 01:16:57', NULL, '자동 완료', '자동 통과', 'hr012@company.com', 'success', NULL, '기간 완료로 인한 자동 통과 처리', 0, NULL, '2025-10-20 01:16:57', '2025-10-20 01:16:57'),
	(238, 140, 8, 2025, '2025-10-20 01:16:57', NULL, '자동 완료', '자동 통과', 'hr013@company.com', 'success', NULL, '기간 완료로 인한 자동 통과 처리', 0, NULL, '2025-10-20 01:16:57', '2025-10-20 01:16:57'),
	(239, 141, 8, 2025, '2025-10-20 01:16:57', NULL, '자동 완료', '자동 통과', 'hr014@company.com', 'success', NULL, '기간 완료로 인한 자동 통과 처리', 0, NULL, '2025-10-20 01:16:57', '2025-10-20 01:16:57'),
	(240, 142, 8, 2025, '2025-10-20 01:16:57', NULL, '자동 완료', '자동 통과', 'hr015@company.com', 'success', NULL, '기간 완료로 인한 자동 통과 처리', 0, NULL, '2025-10-20 01:16:57', '2025-10-20 01:16:57'),
	(241, 143, 8, 2025, '2025-10-20 01:16:57', NULL, '자동 완료', '자동 통과', 'hr016@company.com', 'success', NULL, '기간 완료로 인한 자동 통과 처리', 0, NULL, '2025-10-20 01:16:57', '2025-10-20 01:16:57'),
	(242, 144, 8, 2025, '2025-10-20 01:16:57', NULL, '자동 완료', '자동 통과', 'hr017@company.com', 'success', NULL, '기간 완료로 인한 자동 통과 처리', 0, NULL, '2025-10-20 01:16:57', '2025-10-20 01:16:57'),
	(243, 145, 8, 2025, '2025-10-20 01:16:57', NULL, '자동 완료', '자동 통과', 'hr018@company.com', 'success', NULL, '기간 완료로 인한 자동 통과 처리', 0, NULL, '2025-10-20 01:16:57', '2025-10-20 01:16:57'),
	(244, 146, 8, 2025, '2025-10-20 01:16:57', NULL, '자동 완료', '자동 통과', 'hr019@company.com', 'success', NULL, '기간 완료로 인한 자동 통과 처리', 0, NULL, '2025-10-20 01:16:57', '2025-10-20 01:16:57'),
	(245, 147, 8, 2025, '2025-10-20 01:16:57', NULL, '자동 완료', '자동 통과', 'hr020@company.com', 'success', NULL, '기간 완료로 인한 자동 통과 처리', 0, NULL, '2025-10-20 01:16:57', '2025-10-20 01:16:57'),
	(246, 148, 8, 2025, '2025-10-20 01:16:57', NULL, '자동 완료', '자동 통과', 'hr021@company.com', 'success', NULL, '기간 완료로 인한 자동 통과 처리', 0, NULL, '2025-10-20 01:16:57', '2025-10-20 01:16:57'),
	(247, 149, 8, 2025, '2025-10-20 01:16:57', NULL, '자동 완료', '자동 통과', 'hr022@company.com', 'success', NULL, '기간 완료로 인한 자동 통과 처리', 0, NULL, '2025-10-20 01:16:57', '2025-10-20 01:16:57'),
	(248, 150, 8, 2025, '2025-10-20 01:16:57', NULL, '자동 완료', '자동 통과', 'hr023@company.com', 'success', NULL, '기간 완료로 인한 자동 통과 처리', 0, NULL, '2025-10-20 01:16:57', '2025-10-20 01:16:57'),
	(249, 151, 8, 2025, '2025-10-20 01:16:57', NULL, '자동 완료', '자동 통과', 'hr024@company.com', 'success', NULL, '기간 완료로 인한 자동 통과 처리', 0, NULL, '2025-10-20 01:16:57', '2025-10-20 01:16:57'),
	(250, 152, 8, 2025, '2025-10-20 01:16:57', NULL, '자동 완료', '자동 통과', 'hr025@company.com', 'success', NULL, '기간 완료로 인한 자동 통과 처리', 0, NULL, '2025-10-20 01:16:57', '2025-10-20 01:16:57'),
	(251, 153, 8, 2025, '2025-10-20 01:16:57', NULL, '자동 완료', '자동 통과', 'hr026@company.com', 'success', NULL, '기간 완료로 인한 자동 통과 처리', 0, NULL, '2025-10-20 01:16:57', '2025-10-20 01:16:57'),
	(252, 154, 8, 2025, '2025-10-20 01:16:57', NULL, '자동 완료', '자동 통과', 'hr027@company.com', 'success', NULL, '기간 완료로 인한 자동 통과 처리', 0, NULL, '2025-10-20 01:16:57', '2025-10-20 01:16:57'),
	(253, 155, 8, 2025, '2025-10-20 01:16:57', NULL, '자동 완료', '자동 통과', 'hr028@company.com', 'success', NULL, '기간 완료로 인한 자동 통과 처리', 0, NULL, '2025-10-20 01:16:57', '2025-10-20 01:16:57'),
	(254, 156, 8, 2025, '2025-10-20 01:16:57', NULL, '자동 완료', '자동 통과', 'hr029@company.com', 'success', NULL, '기간 완료로 인한 자동 통과 처리', 0, NULL, '2025-10-20 01:16:57', '2025-10-20 01:16:57'),
	(255, 157, 8, 2025, '2025-10-20 01:16:57', NULL, '자동 완료', '자동 통과', 'hr030@company.com', 'success', NULL, '기간 완료로 인한 자동 통과 처리', 0, NULL, '2025-10-20 01:16:57', '2025-10-20 01:16:57'),
	(256, 158, 8, 2025, '2025-10-20 01:16:57', NULL, '자동 완료', '자동 통과', 'fin001@company.com', 'success', NULL, '기간 완료로 인한 자동 통과 처리', 0, NULL, '2025-10-20 01:16:57', '2025-10-20 01:16:57'),
	(257, 159, 8, 2025, '2025-10-20 01:16:57', NULL, '자동 완료', '자동 통과', 'fin002@company.com', 'success', NULL, '기간 완료로 인한 자동 통과 처리', 0, NULL, '2025-10-20 01:16:57', '2025-10-20 01:16:57'),
	(258, 160, 8, 2025, '2025-10-20 01:16:57', NULL, '자동 완료', '자동 통과', 'fin003@company.com', 'success', NULL, '기간 완료로 인한 자동 통과 처리', 0, NULL, '2025-10-20 01:16:57', '2025-10-20 01:16:57'),
	(259, 161, 8, 2025, '2025-10-20 01:16:57', NULL, '자동 완료', '자동 통과', 'fin004@company.com', 'success', NULL, '기간 완료로 인한 자동 통과 처리', 0, NULL, '2025-10-20 01:16:57', '2025-10-20 01:16:57'),
	(260, 162, 8, 2025, '2025-10-20 01:16:57', NULL, '자동 완료', '자동 통과', 'fin005@company.com', 'success', NULL, '기간 완료로 인한 자동 통과 처리', 0, NULL, '2025-10-20 01:16:57', '2025-10-20 01:16:57'),
	(261, 163, 8, 2025, '2025-10-20 01:16:57', NULL, '자동 완료', '자동 통과', 'fin006@company.com', 'success', NULL, '기간 완료로 인한 자동 통과 처리', 0, NULL, '2025-10-20 01:16:57', '2025-10-20 01:16:57'),
	(262, 164, 8, 2025, '2025-10-20 01:16:57', NULL, '자동 완료', '자동 통과', 'fin007@company.com', 'success', NULL, '기간 완료로 인한 자동 통과 처리', 0, NULL, '2025-10-20 01:16:57', '2025-10-20 01:16:57'),
	(263, 165, 8, 2025, '2025-10-20 01:16:57', NULL, '자동 완료', '자동 통과', 'fin008@company.com', 'success', NULL, '기간 완료로 인한 자동 통과 처리', 0, NULL, '2025-10-20 01:16:57', '2025-10-20 01:16:57'),
	(264, 166, 8, 2025, '2025-10-20 01:16:57', NULL, '자동 완료', '자동 통과', 'fin009@company.com', 'success', NULL, '기간 완료로 인한 자동 통과 처리', 0, NULL, '2025-10-20 01:16:57', '2025-10-20 01:16:57'),
	(265, 167, 8, 2025, '2025-10-20 01:16:57', NULL, '자동 완료', '자동 통과', 'fin010@company.com', 'success', NULL, '기간 완료로 인한 자동 통과 처리', 0, NULL, '2025-10-20 01:16:57', '2025-10-20 01:16:57'),
	(266, 168, 8, 2025, '2025-10-20 01:16:57', NULL, '자동 완료', '자동 통과', 'fin011@company.com', 'success', NULL, '기간 완료로 인한 자동 통과 처리', 0, NULL, '2025-10-20 01:16:57', '2025-10-20 01:16:57'),
	(267, 169, 8, 2025, '2025-10-20 01:16:57', NULL, '자동 완료', '자동 통과', 'fin012@company.com', 'success', NULL, '기간 완료로 인한 자동 통과 처리', 0, NULL, '2025-10-20 01:16:57', '2025-10-20 01:16:57'),
	(268, 170, 8, 2025, '2025-10-20 01:16:57', NULL, '자동 완료', '자동 통과', 'fin013@company.com', 'success', NULL, '기간 완료로 인한 자동 통과 처리', 0, NULL, '2025-10-20 01:16:57', '2025-10-20 01:16:57'),
	(269, 171, 8, 2025, '2025-10-20 01:16:57', NULL, '자동 완료', '자동 통과', 'fin014@company.com', 'success', NULL, '기간 완료로 인한 자동 통과 처리', 0, NULL, '2025-10-20 01:16:57', '2025-10-20 01:16:57'),
	(270, 172, 8, 2025, '2025-10-20 01:16:57', NULL, '자동 완료', '자동 통과', 'fin015@company.com', 'success', NULL, '기간 완료로 인한 자동 통과 처리', 0, NULL, '2025-10-20 01:16:57', '2025-10-20 01:16:57'),
	(271, 173, 8, 2025, '2025-10-20 01:16:57', NULL, '자동 완료', '자동 통과', 'fin016@company.com', 'success', NULL, '기간 완료로 인한 자동 통과 처리', 0, NULL, '2025-10-20 01:16:57', '2025-10-20 01:16:57'),
	(272, 174, 8, 2025, '2025-10-20 01:16:57', NULL, '자동 완료', '자동 통과', 'fin017@company.com', 'success', NULL, '기간 완료로 인한 자동 통과 처리', 0, NULL, '2025-10-20 01:16:57', '2025-10-20 01:16:57'),
	(273, 175, 8, 2025, '2025-10-20 01:16:57', NULL, '자동 완료', '자동 통과', 'fin018@company.com', 'success', NULL, '기간 완료로 인한 자동 통과 처리', 0, NULL, '2025-10-20 01:16:57', '2025-10-20 01:16:57'),
	(274, 176, 8, 2025, '2025-10-20 01:16:57', NULL, '자동 완료', '자동 통과', 'fin019@company.com', 'success', NULL, '기간 완료로 인한 자동 통과 처리', 0, NULL, '2025-10-20 01:16:57', '2025-10-20 01:16:57'),
	(275, 177, 8, 2025, '2025-10-20 01:16:57', NULL, '자동 완료', '자동 통과', 'fin020@company.com', 'success', NULL, '기간 완료로 인한 자동 통과 처리', 0, NULL, '2025-10-20 01:16:57', '2025-10-20 01:16:57'),
	(276, 178, 8, 2025, '2025-10-20 01:16:57', NULL, '자동 완료', '자동 통과', 'fin021@company.com', 'success', NULL, '기간 완료로 인한 자동 통과 처리', 0, NULL, '2025-10-20 01:16:57', '2025-10-20 01:16:57'),
	(277, 179, 8, 2025, '2025-10-20 01:16:57', NULL, '자동 완료', '자동 통과', 'fin022@company.com', 'success', NULL, '기간 완료로 인한 자동 통과 처리', 0, NULL, '2025-10-20 01:16:57', '2025-10-20 01:16:57'),
	(278, 180, 8, 2025, '2025-10-20 01:16:57', NULL, '자동 완료', '자동 통과', 'fin023@company.com', 'success', NULL, '기간 완료로 인한 자동 통과 처리', 0, NULL, '2025-10-20 01:16:57', '2025-10-20 01:16:57'),
	(279, 181, 8, 2025, '2025-10-20 01:16:57', NULL, '자동 완료', '자동 통과', 'fin024@company.com', 'success', NULL, '기간 완료로 인한 자동 통과 처리', 0, NULL, '2025-10-20 01:16:57', '2025-10-20 01:16:57'),
	(280, 182, 8, 2025, '2025-10-20 01:16:57', NULL, '자동 완료', '자동 통과', 'fin025@company.com', 'success', NULL, '기간 완료로 인한 자동 통과 처리', 0, NULL, '2025-10-20 01:16:57', '2025-10-20 01:16:57'),
	(281, 183, 8, 2025, '2025-10-20 01:16:57', NULL, '자동 완료', '자동 통과', 'fin026@company.com', 'success', NULL, '기간 완료로 인한 자동 통과 처리', 0, NULL, '2025-10-20 01:16:57', '2025-10-20 01:16:57'),
	(282, 184, 8, 2025, '2025-10-20 01:16:57', NULL, '자동 완료', '자동 통과', 'fin027@company.com', 'success', NULL, '기간 완료로 인한 자동 통과 처리', 0, NULL, '2025-10-20 01:16:57', '2025-10-20 01:16:57'),
	(283, 185, 8, 2025, '2025-10-20 01:16:57', NULL, '자동 완료', '자동 통과', 'fin028@company.com', 'success', NULL, '기간 완료로 인한 자동 통과 처리', 0, NULL, '2025-10-20 01:16:57', '2025-10-20 01:16:57'),
	(284, 186, 8, 2025, '2025-10-20 01:16:57', NULL, '자동 완료', '자동 통과', 'fin029@company.com', 'success', NULL, '기간 완료로 인한 자동 통과 처리', 0, NULL, '2025-10-20 01:16:57', '2025-10-20 01:16:57'),
	(285, 187, 8, 2025, '2025-10-20 01:16:57', NULL, '자동 완료', '자동 통과', 'fin030@company.com', 'success', NULL, '기간 완료로 인한 자동 통과 처리', 0, NULL, '2025-10-20 01:16:57', '2025-10-20 01:16:57'),
	(286, 188, 8, 2025, '2025-10-20 01:16:57', NULL, '자동 완료', '자동 통과', 'sales001@company.com', 'success', NULL, '기간 완료로 인한 자동 통과 처리', 0, NULL, '2025-10-20 01:16:57', '2025-10-20 01:16:57'),
	(287, 189, 8, 2025, '2025-10-20 01:16:57', NULL, '자동 완료', '자동 통과', 'sales002@company.com', 'success', NULL, '기간 완료로 인한 자동 통과 처리', 0, NULL, '2025-10-20 01:16:57', '2025-10-20 01:16:57'),
	(288, 190, 8, 2025, '2025-10-20 01:16:57', NULL, '자동 완료', '자동 통과', 'sales003@company.com', 'success', NULL, '기간 완료로 인한 자동 통과 처리', 0, NULL, '2025-10-20 01:16:57', '2025-10-20 01:16:57'),
	(289, 191, 8, 2025, '2025-10-20 01:16:57', NULL, '자동 완료', '자동 통과', 'sales004@company.com', 'success', NULL, '기간 완료로 인한 자동 통과 처리', 0, NULL, '2025-10-20 01:16:57', '2025-10-20 01:16:57'),
	(290, 192, 8, 2025, '2025-10-20 01:16:57', NULL, '자동 완료', '자동 통과', 'sales005@company.com', 'success', NULL, '기간 완료로 인한 자동 통과 처리', 0, NULL, '2025-10-20 01:16:57', '2025-10-20 01:16:57'),
	(291, 193, 8, 2025, '2025-10-20 01:16:57', NULL, '자동 완료', '자동 통과', 'sales006@company.com', 'success', NULL, '기간 완료로 인한 자동 통과 처리', 0, NULL, '2025-10-20 01:16:57', '2025-10-20 01:16:57'),
	(292, 194, 8, 2025, '2025-10-20 01:16:57', NULL, '자동 완료', '자동 통과', 'sales007@company.com', 'success', NULL, '기간 완료로 인한 자동 통과 처리', 0, NULL, '2025-10-20 01:16:57', '2025-10-20 01:16:57'),
	(293, 195, 8, 2025, '2025-10-20 01:16:57', NULL, '자동 완료', '자동 통과', 'sales008@company.com', 'success', NULL, '기간 완료로 인한 자동 통과 처리', 0, NULL, '2025-10-20 01:16:57', '2025-10-20 01:16:57'),
	(294, 196, 8, 2025, '2025-10-20 01:16:57', NULL, '자동 완료', '자동 통과', 'sales009@company.com', 'success', NULL, '기간 완료로 인한 자동 통과 처리', 0, NULL, '2025-10-20 01:16:57', '2025-10-20 01:16:57'),
	(295, 197, 8, 2025, '2025-10-20 01:16:57', NULL, '자동 완료', '자동 통과', 'sales010@company.com', 'success', NULL, '기간 완료로 인한 자동 통과 처리', 0, NULL, '2025-10-20 01:16:57', '2025-10-20 01:16:57'),
	(296, 198, 8, 2025, '2025-10-20 01:16:57', NULL, '자동 완료', '자동 통과', 'sales011@company.com', 'success', NULL, '기간 완료로 인한 자동 통과 처리', 0, NULL, '2025-10-20 01:16:57', '2025-10-20 01:16:57'),
	(297, 199, 8, 2025, '2025-10-20 01:16:57', NULL, '자동 완료', '자동 통과', 'sales012@company.com', 'success', NULL, '기간 완료로 인한 자동 통과 처리', 0, NULL, '2025-10-20 01:16:57', '2025-10-20 01:16:57'),
	(298, 200, 8, 2025, '2025-10-20 01:16:57', NULL, '자동 완료', '자동 통과', 'sales013@company.com', 'success', NULL, '기간 완료로 인한 자동 통과 처리', 0, NULL, '2025-10-20 01:16:57', '2025-10-20 01:16:57'),
	(299, 201, 8, 2025, '2025-10-20 01:16:57', NULL, '자동 완료', '자동 통과', 'sales014@company.com', 'success', NULL, '기간 완료로 인한 자동 통과 처리', 0, NULL, '2025-10-20 01:16:57', '2025-10-20 01:16:57'),
	(300, 202, 8, 2025, '2025-10-20 01:16:57', NULL, '자동 완료', '자동 통과', 'sales015@company.com', 'success', NULL, '기간 완료로 인한 자동 통과 처리', 0, NULL, '2025-10-20 01:16:57', '2025-10-20 01:16:57'),
	(301, 203, 8, 2025, '2025-10-20 01:16:57', NULL, '자동 완료', '자동 통과', 'sales016@company.com', 'success', NULL, '기간 완료로 인한 자동 통과 처리', 0, NULL, '2025-10-20 01:16:57', '2025-10-20 01:16:57'),
	(302, 204, 8, 2025, '2025-10-20 01:16:57', NULL, '자동 완료', '자동 통과', 'sales017@company.com', 'success', NULL, '기간 완료로 인한 자동 통과 처리', 0, NULL, '2025-10-20 01:16:57', '2025-10-20 01:16:57'),
	(303, 205, 8, 2025, '2025-10-20 01:16:57', NULL, '자동 완료', '자동 통과', 'sales018@company.com', 'success', NULL, '기간 완료로 인한 자동 통과 처리', 0, NULL, '2025-10-20 01:16:57', '2025-10-20 01:16:57'),
	(304, 206, 8, 2025, '2025-10-20 01:16:57', NULL, '자동 완료', '자동 통과', 'sales019@company.com', 'success', NULL, '기간 완료로 인한 자동 통과 처리', 0, NULL, '2025-10-20 01:16:57', '2025-10-20 01:16:57'),
	(305, 207, 8, 2025, '2025-10-20 01:16:57', NULL, '자동 완료', '자동 통과', 'sales020@company.com', 'success', NULL, '기간 완료로 인한 자동 통과 처리', 0, NULL, '2025-10-20 01:16:57', '2025-10-20 01:16:57');

CREATE TABLE IF NOT EXISTS `phishing_training_periods` (
  `period_id` bigint(20) NOT NULL AUTO_INCREMENT,
  `training_year` int(11) NOT NULL COMMENT '훈련 연도',
  `period_name` varchar(50) NOT NULL COMMENT '기간명 (1차 피싱 훈련, 2차 피싱 훈련 등)',
  `training_type` varchar(100) NOT NULL COMMENT '훈련 유형 (이메일 피싱, SMS 피싱, 전화 피싱 등)',
  `start_date` date NOT NULL COMMENT '훈련 시작일',
  `end_date` date NOT NULL COMMENT '훈련 종료일',
  `is_completed` tinyint(1) DEFAULT 0 COMMENT '완료 여부',
  `completed_at` timestamp NULL DEFAULT NULL COMMENT '완료 처리 시각',
  `completed_by` varchar(50) DEFAULT NULL COMMENT '완료 처리한 관리자',
  `description` text DEFAULT NULL COMMENT '훈련 설명',
  `auto_pass_setting` tinyint(1) DEFAULT 1 COMMENT '자동 통과 처리 여부',
  `created_by` varchar(50) NOT NULL COMMENT '생성한 관리자',
  `created_at` timestamp NULL DEFAULT current_timestamp(),
  `updated_at` timestamp NULL DEFAULT current_timestamp() ON UPDATE current_timestamp(),
  PRIMARY KEY (`period_id`),
  UNIQUE KEY `uk_year_period_type` (`training_year`,`period_name`,`training_type`),
  KEY `idx_training_year` (`training_year`),
  KEY `idx_training_type` (`training_type`),
  KEY `idx_is_completed` (`is_completed`)
) ENGINE=InnoDB DEFAULT CHARSET=utf8mb4 COLLATE=utf8mb4_unicode_ci COMMENT='피싱 훈련 기간 설정';

DELETE FROM `phishing_training_periods`;
INSERT INTO `phishing_training_periods` (`period_id`, `training_year`, `period_name`, `training_type`, `start_date`, `end_date`, `is_completed`, `completed_at`, `completed_by`, `description`, `auto_pass_setting`, `created_by`, `created_at`, `updated_at`) VALUES
	(8, 2025, '11c', '이메일 피싱', '2025-09-02', '2025-09-08', 1, '2025-10-20 01:16:57', 'admin', '', 1, 'admin', '2025-09-15 03:53:42', '2025-10-20 01:16:57');

CREATE TABLE `phishing_training_stats` (
	`training_year` INT(11) NOT NULL COMMENT '훈련 연도',
	`period_id` BIGINT(20) NOT NULL COMMENT '훈련 기간 ID 참조',
	`period_name` VARCHAR(1) NOT NULL COMMENT '기간명 (1차 피싱 훈련, 2차 피싱 훈련 등)' COLLATE 'utf8mb4_unicode_ci',
	`training_type` VARCHAR(1) NOT NULL COMMENT '훈련 유형 (이메일 피싱, SMS 피싱, 전화 피싱 등)' COLLATE 'utf8mb4_unicode_ci',
	`total_targets` BIGINT(21) NOT NULL,
	`success_count` BIGINT(21) NOT NULL,
	`fail_count` BIGINT(21) NOT NULL,
	`no_response_count` BIGINT(21) NOT NULL,
	`success_rate` DECIMAL(26,2) NULL,
	`fail_rate` DECIMAL(26,2) NULL
);

CREATE TABLE IF NOT EXISTS `security_education` (
  `education_id` bigint(20) NOT NULL AUTO_INCREMENT,
  `user_id` bigint(20) NOT NULL COMMENT 'users 테이블의 uid 참조',
  `education_year` int(11) NOT NULL COMMENT '교육 연도',
  `course_name` varchar(200) NOT NULL COMMENT 'CSV의 수강과정 컬럼 값',
  `completed_count` int(11) DEFAULT 0 COMMENT 'CSV의 수료 컬럼 값',
  `incomplete_count` int(11) DEFAULT 0 COMMENT 'CSV의 미수료 컬럼 값',
  `total_courses` int(11) GENERATED ALWAYS AS (`completed_count` + `incomplete_count`) STORED COMMENT '전체 과정 수',
  `completion_rate` decimal(5,2) GENERATED ALWAYS AS (case when `completed_count` + `incomplete_count` = 0 then 0 else round(`completed_count` / (`completed_count` + `incomplete_count`) * 100,2) end) STORED COMMENT '수료율 (%)',
  `education_type` varchar(100) DEFAULT '기본교육' COMMENT '교육 유형 (참고용)',
  `education_date` date DEFAULT NULL COMMENT '교육 수료일',
  `notes` text DEFAULT NULL COMMENT '비고',
  `period_id` bigint(20) DEFAULT NULL COMMENT '교육 기간 ID 참조',
  `exclude_from_scoring` tinyint(1) DEFAULT 0 COMMENT '점수 계산 제외 여부',
  `exclude_reason` text DEFAULT NULL COMMENT '제외 사유',
  `created_at` timestamp NULL DEFAULT current_timestamp(),
  `updated_at` timestamp NULL DEFAULT current_timestamp() ON UPDATE current_timestamp(),
  PRIMARY KEY (`education_id`),
  UNIQUE KEY `uk_user_period_course` (`user_id`,`period_id`,`course_name`),
  KEY `idx_education_year` (`education_year`),
  KEY `idx_completion_rate` (`completion_rate`),
  KEY `period_id` (`period_id`),
  CONSTRAINT `security_education_ibfk_1` FOREIGN KEY (`user_id`) REFERENCES `users` (`uid`) ON DELETE CASCADE,
  CONSTRAINT `security_education_ibfk_2` FOREIGN KEY (`period_id`) REFERENCES `security_education_periods` (`period_id`),
  CONSTRAINT `CONSTRAINT_1` CHECK (`completed_count` >= 0),
  CONSTRAINT `CONSTRAINT_2` CHECK (`incomplete_count` >= 0),
  CONSTRAINT `CONSTRAINT_3` CHECK (`completed_count` + `incomplete_count` > 0)
) ENGINE=InnoDB DEFAULT CHARSET=utf8mb4 COLLATE=utf8mb4_unicode_ci COMMENT='정보보호 교육 이력 (CSV 매핑 개선 버전)';

DELETE FROM `security_education`;

CREATE TABLE IF NOT EXISTS `security_education_periods` (
  `period_id` bigint(20) NOT NULL AUTO_INCREMENT,
  `education_year` int(11) NOT NULL COMMENT '교육 연도',
  `period_name` varchar(50) NOT NULL COMMENT '기간명 (1차 오프라인, 2차 온라인 등)',
  `education_type` varchar(100) NOT NULL COMMENT '교육 유형 (오프라인, 온라인, 신입교육 등)',
  `start_date` date NOT NULL COMMENT '교육 시작일',
  `end_date` date NOT NULL COMMENT '교육 종료일',
  `is_completed` tinyint(1) DEFAULT 0 COMMENT '완료 여부',
  `completed_at` timestamp NULL DEFAULT NULL COMMENT '완료 처리 시각',
  `completed_by` varchar(50) DEFAULT NULL COMMENT '완료 처리한 관리자',
  `description` text DEFAULT NULL COMMENT '교육 설명',
  `auto_pass_setting` tinyint(1) DEFAULT 1 COMMENT '자동 통과 처리 여부',
  `created_by` varchar(50) NOT NULL COMMENT '생성한 관리자',
  `created_at` timestamp NULL DEFAULT current_timestamp(),
  `updated_at` timestamp NULL DEFAULT current_timestamp() ON UPDATE current_timestamp(),
  PRIMARY KEY (`period_id`),
  UNIQUE KEY `uk_year_period_type` (`education_year`,`period_name`,`education_type`),
  KEY `idx_education_year` (`education_year`),
  KEY `idx_education_type` (`education_type`),
  KEY `idx_is_completed` (`is_completed`)
) ENGINE=InnoDB DEFAULT CHARSET=utf8mb4 COLLATE=utf8mb4_unicode_ci COMMENT='정보보호 교육 기간 설정';

DELETE FROM `security_education_periods`;
INSERT INTO `security_education_periods` (`period_id`, `education_year`, `period_name`, `education_type`, `start_date`, `end_date`, `is_completed`, `completed_at`, `completed_by`, `description`, `auto_pass_setting`, `created_by`, `created_at`, `updated_at`) VALUES
	(29, 2025, '2025년 온라인 교육', '온라인', '2025-01-01', '2025-10-30', 1, '2025-10-20 01:17:13', 'admin', '', 0, 'admin', '2025-08-13 03:37:00', '2025-10-20 01:17:13');

CREATE TABLE IF NOT EXISTS `security_score_summary` (
  `summary_id` bigint(20) NOT NULL AUTO_INCREMENT,
  `user_id` bigint(20) NOT NULL COMMENT 'users 테이블의 uid 참조',
  `evaluation_year` int(11) NOT NULL COMMENT '평가 연도',
  `audit_penalty` decimal(5,2) DEFAULT 0.00 COMMENT '감사 감점 (실패 항목 * 0.5)',
  `education_penalty` decimal(5,2) DEFAULT 0.00 COMMENT '교육 감점 (미완료 기간당 0.5점)',
  `training_penalty` decimal(5,2) DEFAULT 0.00 COMMENT '모의훈련 감점 (실패 * 0.5)',
  `total_penalty` decimal(5,2) DEFAULT 0.00 COMMENT '총 감점 (최대 -5.0점)',
  `audit_failed_count` int(11) DEFAULT 0 COMMENT '감사 실패 항목 수',
  `education_incomplete_count` int(11) DEFAULT 0 COMMENT '미완료 교육 기간 수 (0.5점씩 감점)',
  `training_failed_count` int(11) DEFAULT 0 COMMENT '모의훈련 실패 횟수',
  `last_calculated` timestamp NULL DEFAULT current_timestamp() ON UPDATE current_timestamp(),
  `created_at` timestamp NULL DEFAULT current_timestamp(),
  PRIMARY KEY (`summary_id`),
  UNIQUE KEY `uk_user_year` (`user_id`,`evaluation_year`),
  KEY `idx_evaluation_year` (`evaluation_year`),
  CONSTRAINT `fk_score_user` FOREIGN KEY (`user_id`) REFERENCES `users` (`uid`)
) ENGINE=InnoDB DEFAULT CHARSET=utf8mb4 COLLATE=utf8mb4_unicode_ci COMMENT='KPI 보안 점수 요약 (교육 기간별 감점 기준)';

DELETE FROM `security_score_summary`;
INSERT INTO `security_score_summary` (`summary_id`, `user_id`, `evaluation_year`, `audit_penalty`, `education_penalty`, `training_penalty`, `total_penalty`, `audit_failed_count`, `education_incomplete_count`, `training_failed_count`, `last_calculated`, `created_at`) VALUES
	(203, 6, 2025, 4.00, 0.00, 0.00, 4.00, 24, 0, 0, '2025-10-20 04:23:07', '2025-10-20 01:35:56'),
	(204, 7, 2025, 0.00, 0.00, 0.00, 0.00, 0, 0, 0, '2025-10-20 01:35:56', '2025-10-20 01:35:56'),
	(205, 8, 2025, 0.00, 0.00, 0.00, 0.00, 0, 0, 0, '2025-10-20 01:35:56', '2025-10-20 01:35:56'),
	(206, 9, 2025, 0.00, 0.00, 0.00, 0.00, 0, 0, 0, '2025-10-20 01:35:56', '2025-10-20 01:35:56'),
	(207, 10, 2025, 0.00, 0.00, 0.00, 0.00, 0, 0, 0, '2025-10-20 01:35:56', '2025-10-20 01:35:56'),
	(208, 11, 2025, 0.00, 0.00, 0.00, 0.00, 0, 0, 0, '2025-10-20 01:35:56', '2025-10-20 01:35:56'),
	(209, 12, 2025, 0.00, 0.00, 0.00, 0.00, 0, 0, 0, '2025-10-20 01:35:56', '2025-10-20 01:35:56'),
	(210, 13, 2025, 0.00, 0.00, 0.00, 0.00, 0, 0, 0, '2025-10-20 01:35:56', '2025-10-20 01:35:56'),
	(211, 14, 2025, 0.00, 0.00, 0.00, 0.00, 0, 0, 0, '2025-10-20 01:35:56', '2025-10-20 01:35:56'),
	(212, 15, 2025, 0.00, 0.00, 0.00, 0.00, 0, 0, 0, '2025-10-20 01:35:56', '2025-10-20 01:35:56'),
	(213, 16, 2025, 0.00, 0.00, 0.00, 0.00, 0, 0, 0, '2025-10-20 01:35:56', '2025-10-20 01:35:56'),
	(214, 17, 2025, 0.00, 0.00, 0.00, 0.00, 0, 0, 0, '2025-10-20 01:35:57', '2025-10-20 01:35:57'),
	(215, 18, 2025, 0.00, 0.00, 0.00, 0.00, 0, 0, 0, '2025-10-20 01:35:57', '2025-10-20 01:35:57'),
	(216, 19, 2025, 0.00, 0.00, 0.00, 0.00, 0, 0, 0, '2025-10-20 01:35:57', '2025-10-20 01:35:57'),
	(217, 20, 2025, 0.00, 0.00, 0.00, 0.00, 0, 0, 0, '2025-10-20 01:35:57', '2025-10-20 01:35:57'),
	(218, 21, 2025, 0.00, 0.00, 0.00, 0.00, 0, 0, 0, '2025-10-20 01:35:57', '2025-10-20 01:35:57'),
	(219, 22, 2025, 0.00, 0.00, 0.00, 0.00, 0, 0, 0, '2025-10-20 01:35:57', '2025-10-20 01:35:57'),
	(220, 23, 2025, 0.00, 0.00, 0.00, 0.00, 0, 0, 0, '2025-10-20 01:35:57', '2025-10-20 01:35:57'),
	(221, 24, 2025, 0.00, 0.00, 0.00, 0.00, 0, 0, 0, '2025-10-20 01:35:57', '2025-10-20 01:35:57'),
	(222, 25, 2025, 0.00, 0.00, 0.00, 0.00, 0, 0, 0, '2025-10-20 01:35:57', '2025-10-20 01:35:57'),
	(223, 26, 2025, 0.00, 0.00, 0.00, 0.00, 0, 0, 0, '2025-10-20 01:35:57', '2025-10-20 01:35:57'),
	(224, 27, 2025, 0.00, 0.00, 0.00, 0.00, 0, 0, 0, '2025-10-20 01:35:57', '2025-10-20 01:35:57'),
	(225, 28, 2025, 0.00, 0.00, 0.00, 0.00, 0, 0, 0, '2025-10-20 01:35:57', '2025-10-20 01:35:57'),
	(226, 29, 2025, 0.00, 0.00, 0.00, 0.00, 0, 0, 0, '2025-10-20 01:35:57', '2025-10-20 01:35:57'),
	(227, 30, 2025, 0.00, 0.00, 0.00, 0.00, 0, 0, 0, '2025-10-20 01:35:57', '2025-10-20 01:35:57'),
	(228, 31, 2025, 0.00, 0.00, 0.00, 0.00, 0, 0, 0, '2025-10-20 01:35:57', '2025-10-20 01:35:57'),
	(229, 32, 2025, 0.00, 0.00, 0.00, 0.00, 0, 0, 0, '2025-10-20 01:35:58', '2025-10-20 01:35:58'),
	(230, 33, 2025, 0.00, 0.00, 0.00, 0.00, 0, 0, 0, '2025-10-20 01:35:58', '2025-10-20 01:35:58'),
	(231, 34, 2025, 0.00, 0.00, 0.00, 0.00, 0, 0, 0, '2025-10-20 01:35:58', '2025-10-20 01:35:58'),
	(232, 35, 2025, 0.00, 0.00, 0.00, 0.00, 0, 0, 0, '2025-10-20 01:35:58', '2025-10-20 01:35:58'),
	(233, 36, 2025, 0.00, 0.00, 0.00, 0.00, 0, 0, 0, '2025-10-20 01:35:58', '2025-10-20 01:35:58'),
	(234, 37, 2025, 0.00, 0.00, 0.00, 0.00, 0, 0, 0, '2025-10-20 01:35:58', '2025-10-20 01:35:58'),
	(235, 38, 2025, 0.00, 0.00, 0.00, 0.00, 0, 0, 0, '2025-10-20 01:35:58', '2025-10-20 01:35:58'),
	(236, 39, 2025, 0.00, 0.00, 0.00, 0.00, 0, 0, 0, '2025-10-20 01:35:58', '2025-10-20 01:35:58'),
	(237, 40, 2025, 0.00, 0.00, 0.00, 0.00, 0, 0, 0, '2025-10-20 01:35:58', '2025-10-20 01:35:58'),
	(238, 41, 2025, 0.00, 0.00, 0.00, 0.00, 0, 0, 0, '2025-10-20 01:35:58', '2025-10-20 01:35:58'),
	(239, 42, 2025, 0.00, 0.00, 0.00, 0.00, 0, 0, 0, '2025-10-20 01:35:58', '2025-10-20 01:35:58'),
	(240, 43, 2025, 0.00, 0.00, 0.00, 0.00, 0, 0, 0, '2025-10-20 01:35:58', '2025-10-20 01:35:58'),
	(241, 44, 2025, 0.00, 0.00, 0.00, 0.00, 0, 0, 0, '2025-10-20 01:35:58', '2025-10-20 01:35:58'),
	(242, 45, 2025, 0.00, 0.00, 0.00, 0.00, 0, 0, 0, '2025-10-20 01:35:58', '2025-10-20 01:35:58'),
	(243, 46, 2025, 0.00, 0.00, 0.00, 0.00, 0, 0, 0, '2025-10-20 01:35:58', '2025-10-20 01:35:58'),
	(244, 47, 2025, 0.00, 0.00, 0.00, 0.00, 0, 0, 0, '2025-10-20 01:35:58', '2025-10-20 01:35:58'),
	(245, 48, 2025, 0.00, 0.00, 0.00, 0.00, 0, 0, 0, '2025-10-20 01:35:58', '2025-10-20 01:35:58'),
	(246, 49, 2025, 0.00, 0.00, 0.00, 0.00, 0, 0, 0, '2025-10-20 01:35:58', '2025-10-20 01:35:58'),
	(247, 50, 2025, 0.00, 0.00, 0.00, 0.00, 0, 0, 0, '2025-10-20 01:35:58', '2025-10-20 01:35:58'),
	(248, 51, 2025, 0.00, 0.00, 0.00, 0.00, 0, 0, 0, '2025-10-20 01:35:58', '2025-10-20 01:35:58'),
	(249, 52, 2025, 0.00, 0.00, 0.00, 0.00, 0, 0, 0, '2025-10-20 01:35:58', '2025-10-20 01:35:58'),
	(250, 53, 2025, 0.00, 0.00, 0.00, 0.00, 0, 0, 0, '2025-10-20 01:35:59', '2025-10-20 01:35:59'),
	(251, 54, 2025, 0.00, 0.00, 0.00, 0.00, 0, 0, 0, '2025-10-20 01:35:59', '2025-10-20 01:35:59'),
	(252, 55, 2025, 0.00, 0.00, 0.00, 0.00, 0, 0, 0, '2025-10-20 01:35:59', '2025-10-20 01:35:59'),
	(253, 56, 2025, 0.00, 0.00, 0.00, 0.00, 0, 0, 0, '2025-10-20 01:35:59', '2025-10-20 01:35:59'),
	(254, 57, 2025, 0.00, 0.00, 0.00, 0.00, 0, 0, 0, '2025-10-20 01:35:59', '2025-10-20 01:35:59'),
	(255, 58, 2025, 0.00, 0.00, 0.00, 0.00, 0, 0, 0, '2025-10-20 01:35:59', '2025-10-20 01:35:59'),
	(256, 59, 2025, 0.00, 0.00, 0.00, 0.00, 0, 0, 0, '2025-10-20 01:35:59', '2025-10-20 01:35:59'),
	(257, 60, 2025, 0.00, 0.00, 0.00, 0.00, 0, 0, 0, '2025-10-20 01:35:59', '2025-10-20 01:35:59'),
	(258, 61, 2025, 0.00, 0.00, 0.00, 0.00, 0, 0, 0, '2025-10-20 01:35:59', '2025-10-20 01:35:59'),
	(259, 62, 2025, 0.00, 0.00, 0.00, 0.00, 0, 0, 0, '2025-10-20 01:35:59', '2025-10-20 01:35:59'),
	(260, 63, 2025, 0.00, 0.00, 0.00, 0.00, 0, 0, 0, '2025-10-20 01:35:59', '2025-10-20 01:35:59'),
	(261, 64, 2025, 0.00, 0.00, 0.00, 0.00, 0, 0, 0, '2025-10-20 01:35:59', '2025-10-20 01:35:59'),
	(262, 65, 2025, 0.00, 0.00, 0.00, 0.00, 0, 0, 0, '2025-10-20 01:35:59', '2025-10-20 01:35:59'),
	(263, 66, 2025, 0.00, 0.00, 0.00, 0.00, 0, 0, 0, '2025-10-20 01:35:59', '2025-10-20 01:35:59'),
	(264, 67, 2025, 0.00, 0.00, 0.00, 0.00, 0, 0, 0, '2025-10-20 01:35:59', '2025-10-20 01:35:59'),
	(265, 68, 2025, 0.00, 0.00, 0.00, 0.00, 0, 0, 0, '2025-10-20 01:35:59', '2025-10-20 01:35:59'),
	(266, 69, 2025, 0.00, 0.00, 0.00, 0.00, 0, 0, 0, '2025-10-20 01:35:59', '2025-10-20 01:35:59'),
	(267, 70, 2025, 0.00, 0.00, 0.00, 0.00, 0, 0, 0, '2025-10-20 01:35:59', '2025-10-20 01:35:59'),
	(268, 71, 2025, 0.00, 0.00, 0.00, 0.00, 0, 0, 0, '2025-10-20 01:35:59', '2025-10-20 01:35:59'),
	(269, 72, 2025, 0.00, 0.00, 0.00, 0.00, 0, 0, 0, '2025-10-20 01:35:59', '2025-10-20 01:35:59'),
	(270, 73, 2025, 0.00, 0.00, 0.00, 0.00, 0, 0, 0, '2025-10-20 01:35:59', '2025-10-20 01:35:59'),
	(271, 74, 2025, 0.00, 0.00, 0.00, 0.00, 0, 0, 0, '2025-10-20 01:36:00', '2025-10-20 01:36:00'),
	(272, 75, 2025, 0.00, 0.00, 0.00, 0.00, 0, 0, 0, '2025-10-20 01:36:00', '2025-10-20 01:36:00'),
	(273, 76, 2025, 0.00, 0.00, 0.00, 0.00, 0, 0, 0, '2025-10-20 01:36:00', '2025-10-20 01:36:00'),
	(274, 77, 2025, 0.00, 0.00, 0.00, 0.00, 0, 0, 0, '2025-10-20 01:36:00', '2025-10-20 01:36:00'),
	(275, 78, 2025, 0.00, 0.00, 0.00, 0.00, 0, 0, 0, '2025-10-20 01:36:00', '2025-10-20 01:36:00'),
	(276, 79, 2025, 0.00, 0.00, 0.00, 0.00, 0, 0, 0, '2025-10-20 01:36:00', '2025-10-20 01:36:00'),
	(277, 80, 2025, 0.00, 0.00, 0.00, 0.00, 0, 0, 0, '2025-10-20 01:36:00', '2025-10-20 01:36:00'),
	(278, 81, 2025, 0.00, 0.00, 0.00, 0.00, 0, 0, 0, '2025-10-20 01:36:00', '2025-10-20 01:36:00'),
	(279, 82, 2025, 0.00, 0.00, 0.00, 0.00, 0, 0, 0, '2025-10-20 01:36:01', '2025-10-20 01:36:01'),
	(280, 83, 2025, 0.00, 0.00, 0.00, 0.00, 0, 0, 0, '2025-10-20 01:36:01', '2025-10-20 01:36:01'),
	(281, 84, 2025, 0.00, 0.00, 0.00, 0.00, 0, 0, 0, '2025-10-20 01:36:01', '2025-10-20 01:36:01'),
	(282, 85, 2025, 0.00, 0.00, 0.00, 0.00, 0, 0, 0, '2025-10-20 01:36:01', '2025-10-20 01:36:01'),
	(283, 86, 2025, 0.00, 0.00, 0.00, 0.00, 0, 0, 0, '2025-10-20 01:36:01', '2025-10-20 01:36:01'),
	(284, 87, 2025, 0.00, 0.00, 0.00, 0.00, 0, 0, 0, '2025-10-20 01:36:01', '2025-10-20 01:36:01'),
	(285, 88, 2025, 0.00, 0.00, 0.00, 0.00, 0, 0, 0, '2025-10-20 01:36:01', '2025-10-20 01:36:01'),
	(286, 89, 2025, 0.00, 0.00, 0.00, 0.00, 0, 0, 0, '2025-10-20 01:36:01', '2025-10-20 01:36:01'),
	(287, 90, 2025, 0.00, 0.00, 0.00, 0.00, 0, 0, 0, '2025-10-20 01:36:01', '2025-10-20 01:36:01'),
	(288, 91, 2025, 0.00, 0.00, 0.00, 0.00, 0, 0, 0, '2025-10-20 01:36:01', '2025-10-20 01:36:01'),
	(289, 92, 2025, 0.00, 0.00, 0.00, 0.00, 0, 0, 0, '2025-10-20 01:36:01', '2025-10-20 01:36:01'),
	(290, 93, 2025, 0.00, 0.00, 0.00, 0.00, 0, 0, 0, '2025-10-20 01:36:01', '2025-10-20 01:36:01'),
	(291, 94, 2025, 0.00, 0.00, 0.00, 0.00, 0, 0, 0, '2025-10-20 01:36:01', '2025-10-20 01:36:01'),
	(292, 95, 2025, 0.00, 0.00, 0.00, 0.00, 0, 0, 0, '2025-10-20 01:36:01', '2025-10-20 01:36:01'),
	(293, 96, 2025, 0.00, 0.00, 0.00, 0.00, 0, 0, 0, '2025-10-20 01:36:01', '2025-10-20 01:36:01'),
	(294, 97, 2025, 0.00, 0.00, 0.00, 0.00, 0, 0, 0, '2025-10-20 01:36:01', '2025-10-20 01:36:01'),
	(295, 98, 2025, 0.00, 0.00, 0.00, 0.00, 0, 0, 0, '2025-10-20 01:36:01', '2025-10-20 01:36:01'),
	(296, 99, 2025, 0.00, 0.00, 0.00, 0.00, 0, 0, 0, '2025-10-20 01:36:01', '2025-10-20 01:36:01'),
	(297, 100, 2025, 0.00, 0.00, 0.00, 0.00, 0, 0, 0, '2025-10-20 01:36:01', '2025-10-20 01:36:01'),
	(298, 101, 2025, 0.00, 0.00, 0.00, 0.00, 0, 0, 0, '2025-10-20 01:36:01', '2025-10-20 01:36:01'),
	(299, 102, 2025, 0.00, 0.00, 0.00, 0.00, 0, 0, 0, '2025-10-20 01:36:01', '2025-10-20 01:36:01'),
	(300, 103, 2025, 0.00, 0.00, 0.00, 0.00, 0, 0, 0, '2025-10-20 01:36:02', '2025-10-20 01:36:02'),
	(301, 104, 2025, 0.00, 0.00, 0.00, 0.00, 0, 0, 0, '2025-10-20 01:36:02', '2025-10-20 01:36:02'),
	(302, 105, 2025, 0.00, 0.00, 0.00, 0.00, 0, 0, 0, '2025-10-20 01:36:02', '2025-10-20 01:36:02'),
	(303, 106, 2025, 0.00, 0.00, 0.00, 0.00, 0, 0, 0, '2025-10-20 01:36:02', '2025-10-20 01:36:02'),
	(304, 107, 2025, 0.00, 0.00, 0.00, 0.00, 0, 0, 0, '2025-10-20 01:36:02', '2025-10-20 01:36:02'),
	(305, 108, 2025, 0.00, 0.00, 0.00, 0.00, 0, 0, 0, '2025-10-20 01:36:02', '2025-10-20 01:36:02'),
	(306, 109, 2025, 0.00, 0.00, 0.00, 0.00, 0, 0, 0, '2025-10-20 01:36:02', '2025-10-20 01:36:02'),
	(307, 110, 2025, 0.00, 0.00, 0.00, 0.00, 0, 0, 0, '2025-10-20 01:36:02', '2025-10-20 01:36:02'),
	(308, 111, 2025, 0.00, 0.00, 0.00, 0.00, 0, 0, 0, '2025-10-20 01:36:02', '2025-10-20 01:36:02'),
	(309, 112, 2025, 0.00, 0.00, 0.00, 0.00, 0, 0, 0, '2025-10-20 01:36:02', '2025-10-20 01:36:02'),
	(310, 113, 2025, 0.00, 0.00, 0.00, 0.00, 0, 0, 0, '2025-10-20 01:36:02', '2025-10-20 01:36:02'),
	(311, 114, 2025, 0.00, 0.00, 0.00, 0.00, 0, 0, 0, '2025-10-20 01:36:02', '2025-10-20 01:36:02'),
	(312, 115, 2025, 0.00, 0.00, 0.00, 0.00, 0, 0, 0, '2025-10-20 01:36:02', '2025-10-20 01:36:02'),
	(313, 116, 2025, 0.00, 0.00, 0.00, 0.00, 0, 0, 0, '2025-10-20 01:36:02', '2025-10-20 01:36:02'),
	(314, 117, 2025, 0.00, 0.00, 0.00, 0.00, 0, 0, 0, '2025-10-20 01:36:02', '2025-10-20 01:36:02'),
	(315, 118, 2025, 0.00, 0.00, 0.00, 0.00, 0, 0, 0, '2025-10-20 01:36:02', '2025-10-20 01:36:02'),
	(316, 119, 2025, 0.00, 0.00, 0.00, 0.00, 0, 0, 0, '2025-10-20 01:36:02', '2025-10-20 01:36:02'),
	(317, 120, 2025, 0.00, 0.00, 0.00, 0.00, 0, 0, 0, '2025-10-20 01:36:02', '2025-10-20 01:36:02'),
	(318, 121, 2025, 0.00, 0.00, 0.00, 0.00, 0, 0, 0, '2025-10-20 01:36:03', '2025-10-20 01:36:03'),
	(319, 122, 2025, 0.00, 0.00, 0.00, 0.00, 0, 0, 0, '2025-10-20 01:36:03', '2025-10-20 01:36:03'),
	(320, 123, 2025, 0.00, 0.00, 0.00, 0.00, 0, 0, 0, '2025-10-20 01:36:03', '2025-10-20 01:36:03'),
	(321, 124, 2025, 0.00, 0.00, 0.00, 0.00, 0, 0, 0, '2025-10-20 01:36:03', '2025-10-20 01:36:03'),
	(322, 125, 2025, 0.00, 0.00, 0.00, 0.00, 0, 0, 0, '2025-10-20 01:36:03', '2025-10-20 01:36:03'),
	(323, 126, 2025, 0.00, 0.00, 0.00, 0.00, 0, 0, 0, '2025-10-20 01:36:03', '2025-10-20 01:36:03'),
	(324, 127, 2025, 0.00, 0.00, 0.00, 0.00, 0, 0, 0, '2025-10-20 01:36:03', '2025-10-20 01:36:03'),
	(325, 128, 2025, 0.00, 0.00, 0.00, 0.00, 0, 0, 0, '2025-10-20 01:36:03', '2025-10-20 01:36:03'),
	(326, 129, 2025, 0.00, 0.00, 0.00, 0.00, 0, 0, 0, '2025-10-20 01:36:03', '2025-10-20 01:36:03'),
	(327, 130, 2025, 0.00, 0.00, 0.00, 0.00, 0, 0, 0, '2025-10-20 01:36:03', '2025-10-20 01:36:03'),
	(328, 131, 2025, 0.00, 0.00, 0.00, 0.00, 0, 0, 0, '2025-10-20 01:36:03', '2025-10-20 01:36:03'),
	(329, 132, 2025, 0.00, 0.00, 0.00, 0.00, 0, 0, 0, '2025-10-20 01:36:03', '2025-10-20 01:36:03'),
	(330, 133, 2025, 0.00, 0.00, 0.00, 0.00, 0, 0, 0, '2025-10-20 01:36:03', '2025-10-20 01:36:03'),
	(331, 134, 2025, 0.00, 0.00, 0.00, 0.00, 0, 0, 0, '2025-10-20 01:36:03', '2025-10-20 01:36:03'),
	(332, 135, 2025, 0.00, 0.00, 0.00, 0.00, 0, 0, 0, '2025-10-20 01:36:03', '2025-10-20 01:36:03'),
	(333, 136, 2025, 0.00, 0.00, 0.00, 0.00, 0, 0, 0, '2025-10-20 01:36:03', '2025-10-20 01:36:03'),
	(334, 137, 2025, 0.00, 0.00, 0.00, 0.00, 0, 0, 0, '2025-10-20 01:36:03', '2025-10-20 01:36:03'),
	(335, 138, 2025, 0.00, 0.00, 0.00, 0.00, 0, 0, 0, '2025-10-20 01:36:04', '2025-10-20 01:36:04'),
	(336, 139, 2025, 0.00, 0.00, 0.00, 0.00, 0, 0, 0, '2025-10-20 01:36:04', '2025-10-20 01:36:04'),
	(337, 140, 2025, 0.00, 0.00, 0.00, 0.00, 0, 0, 0, '2025-10-20 01:36:04', '2025-10-20 01:36:04'),
	(338, 141, 2025, 0.00, 0.00, 0.00, 0.00, 0, 0, 0, '2025-10-20 01:36:04', '2025-10-20 01:36:04'),
	(339, 142, 2025, 0.00, 0.00, 0.00, 0.00, 0, 0, 0, '2025-10-20 01:36:04', '2025-10-20 01:36:04'),
	(340, 143, 2025, 0.00, 0.00, 0.00, 0.00, 0, 0, 0, '2025-10-20 01:36:04', '2025-10-20 01:36:04'),
	(341, 144, 2025, 0.00, 0.00, 0.00, 0.00, 0, 0, 0, '2025-10-20 01:36:04', '2025-10-20 01:36:04'),
	(342, 145, 2025, 0.00, 0.00, 0.00, 0.00, 0, 0, 0, '2025-10-20 01:36:04', '2025-10-20 01:36:04'),
	(343, 146, 2025, 0.00, 0.00, 0.00, 0.00, 0, 0, 0, '2025-10-20 01:36:04', '2025-10-20 01:36:04'),
	(344, 147, 2025, 0.00, 0.00, 0.00, 0.00, 0, 0, 0, '2025-10-20 01:36:04', '2025-10-20 01:36:04'),
	(345, 148, 2025, 0.00, 0.00, 0.00, 0.00, 0, 0, 0, '2025-10-20 01:36:04', '2025-10-20 01:36:04'),
	(346, 149, 2025, 0.00, 0.00, 0.00, 0.00, 0, 0, 0, '2025-10-20 01:36:04', '2025-10-20 01:36:04'),
	(347, 150, 2025, 0.00, 0.00, 0.00, 0.00, 0, 0, 0, '2025-10-20 01:36:04', '2025-10-20 01:36:04'),
	(348, 151, 2025, 0.00, 0.00, 0.00, 0.00, 0, 0, 0, '2025-10-20 01:36:05', '2025-10-20 01:36:05'),
	(349, 152, 2025, 0.00, 0.00, 0.00, 0.00, 0, 0, 0, '2025-10-20 01:36:05', '2025-10-20 01:36:05'),
	(350, 153, 2025, 0.00, 0.00, 0.00, 0.00, 0, 0, 0, '2025-10-20 01:36:05', '2025-10-20 01:36:05'),
	(351, 154, 2025, 0.00, 0.00, 0.00, 0.00, 0, 0, 0, '2025-10-20 01:36:05', '2025-10-20 01:36:05'),
	(352, 155, 2025, 0.00, 0.00, 0.00, 0.00, 0, 0, 0, '2025-10-20 01:36:05', '2025-10-20 01:36:05'),
	(353, 156, 2025, 0.00, 0.00, 0.00, 0.00, 0, 0, 0, '2025-10-20 01:36:05', '2025-10-20 01:36:05'),
	(354, 157, 2025, 0.00, 0.00, 0.00, 0.00, 0, 0, 0, '2025-10-20 01:36:05', '2025-10-20 01:36:05'),
	(355, 158, 2025, 0.00, 0.00, 0.00, 0.00, 0, 0, 0, '2025-10-20 01:36:05', '2025-10-20 01:36:05'),
	(356, 159, 2025, 0.00, 0.00, 0.00, 0.00, 0, 0, 0, '2025-10-20 01:36:05', '2025-10-20 01:36:05'),
	(357, 160, 2025, 0.00, 0.00, 0.00, 0.00, 0, 0, 0, '2025-10-20 01:36:05', '2025-10-20 01:36:05'),
	(358, 161, 2025, 0.00, 0.00, 0.00, 0.00, 0, 0, 0, '2025-10-20 01:36:06', '2025-10-20 01:36:06'),
	(359, 162, 2025, 0.00, 0.00, 0.00, 0.00, 0, 0, 0, '2025-10-20 01:36:06', '2025-10-20 01:36:06'),
	(360, 163, 2025, 0.00, 0.00, 0.00, 0.00, 0, 0, 0, '2025-10-20 01:36:06', '2025-10-20 01:36:06'),
	(361, 164, 2025, 0.00, 0.00, 0.00, 0.00, 0, 0, 0, '2025-10-20 01:36:06', '2025-10-20 01:36:06'),
	(362, 165, 2025, 0.00, 0.00, 0.00, 0.00, 0, 0, 0, '2025-10-20 01:36:06', '2025-10-20 01:36:06'),
	(363, 166, 2025, 0.00, 0.00, 0.00, 0.00, 0, 0, 0, '2025-10-20 01:36:06', '2025-10-20 01:36:06'),
	(364, 167, 2025, 0.00, 0.00, 0.00, 0.00, 0, 0, 0, '2025-10-20 01:36:06', '2025-10-20 01:36:06'),
	(365, 168, 2025, 0.00, 0.00, 0.00, 0.00, 0, 0, 0, '2025-10-20 01:36:06', '2025-10-20 01:36:06'),
	(366, 169, 2025, 0.00, 0.00, 0.00, 0.00, 0, 0, 0, '2025-10-20 01:36:06', '2025-10-20 01:36:06'),
	(367, 170, 2025, 0.00, 0.00, 0.00, 0.00, 0, 0, 0, '2025-10-20 01:36:06', '2025-10-20 01:36:06'),
	(368, 171, 2025, 0.00, 0.00, 0.00, 0.00, 0, 0, 0, '2025-10-20 01:36:06', '2025-10-20 01:36:06'),
	(369, 172, 2025, 0.00, 0.00, 0.00, 0.00, 0, 0, 0, '2025-10-20 01:36:06', '2025-10-20 01:36:06'),
	(370, 173, 2025, 0.00, 0.00, 0.00, 0.00, 0, 0, 0, '2025-10-20 01:36:06', '2025-10-20 01:36:06'),
	(371, 174, 2025, 0.00, 0.00, 0.00, 0.00, 0, 0, 0, '2025-10-20 01:36:06', '2025-10-20 01:36:06'),
	(372, 175, 2025, 0.00, 0.00, 0.00, 0.00, 0, 0, 0, '2025-10-20 01:36:06', '2025-10-20 01:36:06'),
	(373, 176, 2025, 0.00, 0.00, 0.00, 0.00, 0, 0, 0, '2025-10-20 01:36:07', '2025-10-20 01:36:07'),
	(374, 177, 2025, 0.00, 0.00, 0.00, 0.00, 0, 0, 0, '2025-10-20 01:36:07', '2025-10-20 01:36:07'),
	(375, 178, 2025, 0.00, 0.00, 0.00, 0.00, 0, 0, 0, '2025-10-20 01:36:07', '2025-10-20 01:36:07'),
	(376, 179, 2025, 0.00, 0.00, 0.00, 0.00, 0, 0, 0, '2025-10-20 01:36:07', '2025-10-20 01:36:07'),
	(377, 180, 2025, 0.00, 0.00, 0.00, 0.00, 0, 0, 0, '2025-10-20 01:36:07', '2025-10-20 01:36:07'),
	(378, 181, 2025, 0.00, 0.00, 0.00, 0.00, 0, 0, 0, '2025-10-20 01:36:07', '2025-10-20 01:36:07'),
	(379, 182, 2025, 0.00, 0.00, 0.00, 0.00, 0, 0, 0, '2025-10-20 01:36:07', '2025-10-20 01:36:07'),
	(380, 183, 2025, 0.00, 0.00, 0.00, 0.00, 0, 0, 0, '2025-10-20 01:36:07', '2025-10-20 01:36:07'),
	(381, 184, 2025, 0.00, 0.00, 0.00, 0.00, 0, 0, 0, '2025-10-20 01:36:07', '2025-10-20 01:36:07'),
	(382, 185, 2025, 0.00, 0.00, 0.00, 0.00, 0, 0, 0, '2025-10-20 01:36:07', '2025-10-20 01:36:07'),
	(383, 186, 2025, 0.00, 0.00, 0.00, 0.00, 0, 0, 0, '2025-10-20 01:36:07', '2025-10-20 01:36:07'),
	(384, 187, 2025, 0.00, 0.00, 0.00, 0.00, 0, 0, 0, '2025-10-20 01:36:07', '2025-10-20 01:36:07'),
	(385, 188, 2025, 0.00, 0.00, 0.00, 0.00, 0, 0, 0, '2025-10-20 01:36:07', '2025-10-20 01:36:07'),
	(386, 189, 2025, 0.00, 0.00, 0.00, 0.00, 0, 0, 0, '2025-10-20 01:36:07', '2025-10-20 01:36:07'),
	(387, 190, 2025, 0.00, 0.00, 0.00, 0.00, 0, 0, 0, '2025-10-20 01:36:07', '2025-10-20 01:36:07'),
	(388, 191, 2025, 0.00, 0.00, 0.00, 0.00, 0, 0, 0, '2025-10-20 01:36:08', '2025-10-20 01:36:08'),
	(389, 192, 2025, 0.00, 0.00, 0.00, 0.00, 0, 0, 0, '2025-10-20 01:36:08', '2025-10-20 01:36:08'),
	(390, 193, 2025, 0.00, 0.00, 0.00, 0.00, 0, 0, 0, '2025-10-20 01:36:08', '2025-10-20 01:36:08'),
	(391, 194, 2025, 0.00, 0.00, 0.00, 0.00, 0, 0, 0, '2025-10-20 01:36:08', '2025-10-20 01:36:08'),
	(392, 195, 2025, 0.00, 0.00, 0.00, 0.00, 0, 0, 0, '2025-10-20 01:36:08', '2025-10-20 01:36:08'),
	(393, 196, 2025, 0.00, 0.00, 0.00, 0.00, 0, 0, 0, '2025-10-20 01:36:08', '2025-10-20 01:36:08'),
	(394, 197, 2025, 0.00, 0.00, 0.00, 0.00, 0, 0, 0, '2025-10-20 01:36:08', '2025-10-20 01:36:08'),
	(395, 198, 2025, 0.00, 0.00, 0.00, 0.00, 0, 0, 0, '2025-10-20 01:36:08', '2025-10-20 01:36:08'),
	(396, 199, 2025, 0.00, 0.00, 0.00, 0.00, 0, 0, 0, '2025-10-20 01:36:08', '2025-10-20 01:36:08'),
	(397, 200, 2025, 0.00, 0.00, 0.00, 0.00, 0, 0, 0, '2025-10-20 01:36:08', '2025-10-20 01:36:08'),
	(398, 201, 2025, 0.00, 0.00, 0.00, 0.00, 0, 0, 0, '2025-10-20 01:36:08', '2025-10-20 01:36:08'),
	(399, 202, 2025, 0.00, 0.00, 0.00, 0.00, 0, 0, 0, '2025-10-20 01:36:08', '2025-10-20 01:36:08'),
	(400, 203, 2025, 0.00, 0.00, 0.00, 0.00, 0, 0, 0, '2025-10-20 01:36:08', '2025-10-20 01:36:08'),
	(401, 204, 2025, 0.00, 0.00, 0.00, 0.00, 0, 0, 0, '2025-10-20 01:36:08', '2025-10-20 01:36:08'),
	(402, 205, 2025, 0.00, 0.00, 0.00, 0.00, 0, 0, 0, '2025-10-20 01:36:08', '2025-10-20 01:36:08'),
	(403, 206, 2025, 0.00, 0.00, 0.00, 0.00, 0, 0, 0, '2025-10-20 01:36:09', '2025-10-20 01:36:09'),
	(404, 207, 2025, 0.00, 0.00, 0.00, 0.00, 0, 0, 0, '2025-10-20 01:36:09', '2025-10-20 01:36:09');

CREATE TABLE IF NOT EXISTS `users` (
  `uid` bigint(20) NOT NULL AUTO_INCREMENT COMMENT 'JPA에서 Long 타입으로 매핑',
  `user_id` varchar(50) NOT NULL COMMENT '사용자 로그인 ID',
  `username` varchar(50) NOT NULL COMMENT '사용자 실명',
  `mail` varchar(255) DEFAULT NULL COMMENT '이메일 주소',
  `department` varchar(100) DEFAULT NULL COMMENT '소속 부서',
  `created_at` timestamp NULL DEFAULT current_timestamp() COMMENT '생성일시',
  `updated_at` timestamp NULL DEFAULT current_timestamp() ON UPDATE current_timestamp() COMMENT '수정일시',
  `last_updated` timestamp NULL DEFAULT current_timestamp() ON UPDATE current_timestamp() COMMENT '최종 업데이트 (기존 호환)',
  `ip` text DEFAULT NULL COMMENT 'IP 주소 (여러개인 경우 쉼표로 구분)',
  `mac` text DEFAULT NULL COMMENT 'MAC 주소 (여러개인 경우 쉼표로 구분)',
  `role` enum('admin','user') DEFAULT 'user',
  `is_active` tinyint(1) DEFAULT 1,
  PRIMARY KEY (`uid`),
  UNIQUE KEY `uk_user_id` (`user_id`),
  KEY `idx_username` (`username`),
  KEY `idx_department` (`department`),
  KEY `idx_is_active` (`is_active`)
) ENGINE=InnoDB DEFAULT CHARSET=utf8mb4 COLLATE=utf8mb4_unicode_ci COMMENT='사용자 정보';

DELETE FROM `users`;
INSERT INTO `users` (`uid`, `user_id`, `username`, `mail`, `department`, `created_at`, `updated_at`, `last_updated`, `ip`, `mac`, `role`, `is_active`) VALUES
	(6, 'admin', '관리자', 'admin@test.com', 'ADMIN', '2025-08-13 00:41:10', '2025-10-20 02:29:23', '2025-10-20 02:29:23', '127.0.0.1', NULL, 'admin', 1),
	(7, 'dududu', '김은제', 'dududu@nice.com', '운영실', '2025-08-21 05:26:12', '2025-08-21 05:26:12', '2025-08-21 05:26:12', '10.106.15.129', NULL, 'user', 1),
	(8, 'dev001', '김민수', 'dev001@company.com', '개발팀', '2025-10-16 08:29:32', '2025-10-16 08:29:32', '2025-10-16 08:29:32', '10.10.1.1', NULL, 'user', 1),
	(9, 'dev002', '이지은', 'dev002@company.com', '개발팀', '2025-10-16 08:29:32', '2025-10-16 08:29:32', '2025-10-16 08:29:32', '10.10.1.2', NULL, 'user', 1),
	(10, 'dev003', '박준영', 'dev003@company.com', '개발팀', '2025-10-16 08:29:32', '2025-10-16 08:29:32', '2025-10-16 08:29:32', '10.10.1.3', NULL, 'user', 1),
	(11, 'dev004', '최서연', 'dev004@company.com', '개발팀', '2025-10-16 08:29:32', '2025-10-16 08:29:32', '2025-10-16 08:29:32', '10.10.1.4', NULL, 'user', 1),
	(12, 'dev005', '정우진', 'dev005@company.com', '개발팀', '2025-10-16 08:29:32', '2025-10-16 08:29:32', '2025-10-16 08:29:32', '10.10.1.5', NULL, 'user', 1),
	(13, 'dev006', '강민지', 'dev006@company.com', '개발팀', '2025-10-16 08:29:32', '2025-10-16 08:29:32', '2025-10-16 08:29:32', '10.10.1.6', NULL, 'user', 1),
	(14, 'dev007', '조현우', 'dev007@company.com', '개발팀', '2025-10-16 08:29:32', '2025-10-16 08:29:32', '2025-10-16 08:29:32', '10.10.1.7', NULL, 'user', 1),
	(15, 'dev008', '윤서현', 'dev008@company.com', '개발팀', '2025-10-16 08:29:32', '2025-10-16 08:29:32', '2025-10-16 08:29:32', '10.10.1.8', NULL, 'user', 1),
	(16, 'dev009', '임동혁', 'dev009@company.com', '개발팀', '2025-10-16 08:29:32', '2025-10-16 08:29:32', '2025-10-16 08:29:32', '10.10.1.9', NULL, 'user', 1),
	(17, 'dev010', '한예진', 'dev010@company.com', '개발팀', '2025-10-16 08:29:32', '2025-10-16 08:29:32', '2025-10-16 08:29:32', '10.10.1.10', NULL, 'user', 1),
	(18, 'dev011', '신재훈', 'dev011@company.com', '개발팀', '2025-10-16 08:29:32', '2025-10-16 08:29:32', '2025-10-16 08:29:32', '10.10.1.11', NULL, 'user', 1),
	(19, 'dev012', '오수민', 'dev012@company.com', '개발팀', '2025-10-16 08:29:32', '2025-10-16 08:29:32', '2025-10-16 08:29:32', '10.10.1.12', NULL, 'user', 1),
	(20, 'dev013', '배성호', 'dev013@company.com', '개발팀', '2025-10-16 08:29:32', '2025-10-16 08:29:32', '2025-10-16 08:29:32', '10.10.1.13', NULL, 'user', 1),
	(21, 'dev014', '송지우', 'dev014@company.com', '개발팀', '2025-10-16 08:29:32', '2025-10-16 08:29:32', '2025-10-16 08:29:32', '10.10.1.14', NULL, 'user', 1),
	(22, 'dev015', '노정훈', 'dev015@company.com', '개발팀', '2025-10-16 08:29:32', '2025-10-16 08:29:32', '2025-10-16 08:29:32', '10.10.1.15', NULL, 'user', 1),
	(23, 'dev016', '홍다은', 'dev016@company.com', '개발팀', '2025-10-16 08:29:32', '2025-10-16 08:29:32', '2025-10-16 08:29:32', '10.10.1.16', NULL, 'user', 1),
	(24, 'dev017', '권민석', 'dev017@company.com', '개발팀', '2025-10-16 08:29:32', '2025-10-16 08:29:32', '2025-10-16 08:29:32', '10.10.1.17', NULL, 'user', 1),
	(25, 'dev018', '황수아', 'dev018@company.com', '개발팀', '2025-10-16 08:29:32', '2025-10-16 08:29:32', '2025-10-16 08:29:32', '10.10.1.18', NULL, 'user', 1),
	(26, 'dev019', '서준호', 'dev019@company.com', '개발팀', '2025-10-16 08:29:32', '2025-10-16 08:29:32', '2025-10-16 08:29:32', '10.10.1.19', NULL, 'user', 1),
	(27, 'dev020', '안지혜', 'dev020@company.com', '개발팀', '2025-10-16 08:29:32', '2025-10-16 08:29:32', '2025-10-16 08:29:32', '10.10.1.20', NULL, 'user', 1),
	(28, 'dev021', '구민재', 'dev021@company.com', '개발팀', '2025-10-16 08:29:32', '2025-10-16 08:29:32', '2025-10-16 08:29:32', '10.10.1.21', NULL, 'user', 1),
	(29, 'dev022', '남채원', 'dev022@company.com', '개발팀', '2025-10-16 08:29:32', '2025-10-16 08:29:32', '2025-10-16 08:29:32', '10.10.1.22', NULL, 'user', 1),
	(30, 'dev023', '허준영', 'dev023@company.com', '개발팀', '2025-10-16 08:29:32', '2025-10-16 08:29:32', '2025-10-16 08:29:32', '10.10.1.23', NULL, 'user', 1),
	(31, 'dev024', '유하린', 'dev024@company.com', '개발팀', '2025-10-16 08:29:32', '2025-10-16 08:29:32', '2025-10-16 08:29:32', '10.10.1.24', NULL, 'user', 1),
	(32, 'dev025', '변도윤', 'dev025@company.com', '개발팀', '2025-10-16 08:29:32', '2025-10-16 08:29:32', '2025-10-16 08:29:32', '10.10.1.25', NULL, 'user', 1),
	(33, 'dev026', '문지안', 'dev026@company.com', '개발팀', '2025-10-16 08:29:32', '2025-10-16 08:29:32', '2025-10-16 08:29:32', '10.10.1.26', NULL, 'user', 1),
	(34, 'dev027', '진시우', 'dev027@company.com', '개발팀', '2025-10-16 08:29:32', '2025-10-16 08:29:32', '2025-10-16 08:29:32', '10.10.1.27', NULL, 'user', 1),
	(35, 'dev028', '표서윤', 'dev028@company.com', '개발팀', '2025-10-16 08:29:32', '2025-10-16 08:29:32', '2025-10-16 08:29:32', '10.10.1.28', NULL, 'user', 1),
	(36, 'dev029', '차지훈', 'dev029@company.com', '개발팀', '2025-10-16 08:29:32', '2025-10-16 08:29:32', '2025-10-16 08:29:32', '10.10.1.29', NULL, 'user', 1),
	(37, 'dev030', '추하은', 'dev030@company.com', '개발팀', '2025-10-16 08:29:32', '2025-10-16 08:29:32', '2025-10-16 08:29:32', '10.10.1.30', NULL, 'user', 1),
	(38, 'dev031', '성민혁', 'dev031@company.com', '개발팀', '2025-10-16 08:29:32', '2025-10-16 08:29:32', '2025-10-16 08:29:32', '10.10.1.31', NULL, 'user', 1),
	(39, 'dev032', '탁수빈', 'dev032@company.com', '개발팀', '2025-10-16 08:29:32', '2025-10-16 08:29:32', '2025-10-16 08:29:32', '10.10.1.32', NULL, 'user', 1),
	(40, 'dev033', '형준서', 'dev033@company.com', '개발팀', '2025-10-16 08:29:32', '2025-10-16 08:29:32', '2025-10-16 08:29:32', '10.10.1.33', NULL, 'user', 1),
	(41, 'dev034', '피아연', 'dev034@company.com', '개발팀', '2025-10-16 08:29:32', '2025-10-16 08:29:32', '2025-10-16 08:29:32', '10.10.1.34', NULL, 'user', 1),
	(42, 'dev035', '하태양', 'dev035@company.com', '개발팀', '2025-10-16 08:29:32', '2025-10-16 08:29:32', '2025-10-16 08:29:32', '10.10.1.35', NULL, 'user', 1),
	(43, 'dev036', '옹지민', 'dev036@company.com', '개발팀', '2025-10-16 08:29:32', '2025-10-16 08:29:32', '2025-10-16 08:29:32', '10.10.1.36', NULL, 'user', 1),
	(44, 'dev037', '갈동현', 'dev037@company.com', '개발팀', '2025-10-16 08:29:32', '2025-10-20 04:23:17', '2025-10-20 04:23:17', '10.10.1.37', NULL, 'user', 0),
	(45, 'dev038', '경시은', 'dev038@company.com', '개발팀', '2025-10-16 08:29:32', '2025-10-16 08:29:32', '2025-10-16 08:29:32', '10.10.1.38', NULL, 'user', 1),
	(46, 'dev039', '곽승현', 'dev039@company.com', '개발팀', '2025-10-16 08:29:32', '2025-10-16 08:29:32', '2025-10-16 08:29:32', '10.10.1.39', NULL, 'user', 1),
	(47, 'dev040', '국유진', 'dev040@company.com', '개발팀', '2025-10-16 08:29:32', '2025-10-16 08:29:32', '2025-10-16 08:29:32', '10.10.1.40', NULL, 'user', 1),
	(48, 'ops001', '김도현', 'ops001@company.com', '운영팀', '2025-10-16 08:29:32', '2025-10-16 08:29:32', '2025-10-16 08:29:32', '10.10.2.1', NULL, 'user', 1),
	(49, 'ops002', '이소희', 'ops002@company.com', '운영팀', '2025-10-16 08:29:32', '2025-10-16 08:29:32', '2025-10-16 08:29:32', '10.10.2.2', NULL, 'user', 1),
	(50, 'ops003', '박지훈', 'ops003@company.com', '운영팀', '2025-10-16 08:29:32', '2025-10-16 08:29:32', '2025-10-16 08:29:32', '10.10.2.3', NULL, 'user', 1),
	(51, 'ops004', '최예린', 'ops004@company.com', '운영팀', '2025-10-16 08:29:32', '2025-10-16 08:29:32', '2025-10-16 08:29:32', '10.10.2.4', NULL, 'user', 1),
	(52, 'ops005', '정민규', 'ops005@company.com', '운영팀', '2025-10-16 08:29:32', '2025-10-16 08:29:32', '2025-10-16 08:29:32', '10.10.2.5', NULL, 'user', 1),
	(53, 'ops006', '강수진', 'ops006@company.com', '운영팀', '2025-10-16 08:29:32', '2025-10-16 08:29:32', '2025-10-16 08:29:32', '10.10.2.6', NULL, 'user', 1),
	(54, 'ops007', '조성민', 'ops007@company.com', '운영팀', '2025-10-16 08:29:32', '2025-10-16 08:29:32', '2025-10-16 08:29:32', '10.10.2.7', NULL, 'user', 1),
	(55, 'ops008', '윤채영', 'ops008@company.com', '운영팀', '2025-10-16 08:29:32', '2025-10-16 08:29:32', '2025-10-16 08:29:32', '10.10.2.8', NULL, 'user', 1),
	(56, 'ops009', '임태준', 'ops009@company.com', '운영팀', '2025-10-16 08:29:32', '2025-10-16 08:29:32', '2025-10-16 08:29:32', '10.10.2.9', NULL, 'user', 1),
	(57, 'ops010', '한유나', 'ops010@company.com', '운영팀', '2025-10-16 08:29:32', '2025-10-16 08:29:32', '2025-10-16 08:29:32', '10.10.2.10', NULL, 'user', 1),
	(58, 'ops011', '신경호', 'ops011@company.com', '운영팀', '2025-10-16 08:29:32', '2025-10-16 08:29:32', '2025-10-16 08:29:32', '10.10.2.11', NULL, 'user', 1),
	(59, 'ops012', '오다인', 'ops012@company.com', '운영팀', '2025-10-16 08:29:32', '2025-10-16 08:29:32', '2025-10-16 08:29:32', '10.10.2.12', NULL, 'user', 1),
	(60, 'ops013', '배현수', 'ops013@company.com', '운영팀', '2025-10-16 08:29:32', '2025-10-16 08:29:32', '2025-10-16 08:29:32', '10.10.2.13', NULL, 'user', 1),
	(61, 'ops014', '송민서', 'ops014@company.com', '운영팀', '2025-10-16 08:29:32', '2025-10-16 08:29:32', '2025-10-16 08:29:32', '10.10.2.14', NULL, 'user', 1),
	(62, 'ops015', '노준혁', 'ops015@company.com', '운영팀', '2025-10-16 08:29:32', '2025-10-16 08:29:32', '2025-10-16 08:29:32', '10.10.2.15', NULL, 'user', 1),
	(63, 'ops016', '홍서아', 'ops016@company.com', '운영팀', '2025-10-16 08:29:32', '2025-10-16 08:29:32', '2025-10-16 08:29:32', '10.10.2.16', NULL, 'user', 1),
	(64, 'ops017', '권태윤', 'ops017@company.com', '운영팀', '2025-10-16 08:29:32', '2025-10-16 08:29:32', '2025-10-16 08:29:32', '10.10.2.17', NULL, 'user', 1),
	(65, 'ops018', '황지안', 'ops018@company.com', '운영팀', '2025-10-16 08:29:32', '2025-10-16 08:29:32', '2025-10-16 08:29:32', '10.10.2.18', NULL, 'user', 1),
	(66, 'ops019', '서민찬', 'ops019@company.com', '운영팀', '2025-10-16 08:29:32', '2025-10-16 08:29:32', '2025-10-16 08:29:32', '10.10.2.19', NULL, 'user', 1),
	(67, 'ops020', '안예은', 'ops020@company.com', '운영팀', '2025-10-16 08:29:32', '2025-10-16 08:29:32', '2025-10-16 08:29:32', '10.10.2.20', NULL, 'user', 1),
	(68, 'ops021', '구승우', 'ops021@company.com', '운영팀', '2025-10-16 08:29:32', '2025-10-16 08:29:32', '2025-10-16 08:29:32', '10.10.2.21', NULL, 'user', 1),
	(69, 'ops022', '남하율', 'ops022@company.com', '운영팀', '2025-10-16 08:29:32', '2025-10-16 08:29:32', '2025-10-16 08:29:32', '10.10.2.22', NULL, 'user', 1),
	(70, 'ops023', '허도윤', 'ops023@company.com', '운영팀', '2025-10-16 08:29:32', '2025-10-16 08:29:32', '2025-10-16 08:29:32', '10.10.2.23', NULL, 'user', 1),
	(71, 'ops024', '유시윤', 'ops024@company.com', '운영팀', '2025-10-16 08:29:32', '2025-10-16 08:29:32', '2025-10-16 08:29:32', '10.10.2.24', NULL, 'user', 1),
	(72, 'ops025', '변재현', 'ops025@company.com', '운영팀', '2025-10-16 08:29:32', '2025-10-16 08:29:32', '2025-10-16 08:29:32', '10.10.2.25', NULL, 'user', 1),
	(73, 'ops026', '문서현', 'ops026@company.com', '운영팀', '2025-10-16 08:29:32', '2025-10-16 08:29:32', '2025-10-16 08:29:32', '10.10.2.26', NULL, 'user', 1),
	(74, 'ops027', '진우진', 'ops027@company.com', '운영팀', '2025-10-16 08:29:32', '2025-10-16 08:29:32', '2025-10-16 08:29:32', '10.10.2.27', NULL, 'user', 1),
	(75, 'ops028', '표지유', 'ops028@company.com', '운영팀', '2025-10-16 08:29:32', '2025-10-16 08:29:32', '2025-10-16 08:29:32', '10.10.2.28', NULL, 'user', 1),
	(76, 'ops029', '차승준', 'ops029@company.com', '운영팀', '2025-10-16 08:29:32', '2025-10-16 08:29:32', '2025-10-16 08:29:32', '10.10.2.29', NULL, 'user', 1),
	(77, 'ops030', '추가은', 'ops030@company.com', '운영팀', '2025-10-16 08:29:32', '2025-10-16 08:29:32', '2025-10-16 08:29:32', '10.10.2.30', NULL, 'user', 1),
	(78, 'ops031', '성태민', 'ops031@company.com', '운영팀', '2025-10-16 08:29:32', '2025-10-16 08:29:32', '2025-10-16 08:29:32', '10.10.2.31', NULL, 'user', 1),
	(79, 'ops032', '탁소연', 'ops032@company.com', '운영팀', '2025-10-16 08:29:32', '2025-10-16 08:29:32', '2025-10-16 08:29:32', '10.10.2.32', NULL, 'user', 1),
	(80, 'ops033', '형시후', 'ops033@company.com', '운영팀', '2025-10-16 08:29:32', '2025-10-16 08:29:32', '2025-10-16 08:29:32', '10.10.2.33', NULL, 'user', 1),
	(81, 'ops034', '피서영', 'ops034@company.com', '운영팀', '2025-10-16 08:29:32', '2025-10-16 08:29:32', '2025-10-16 08:29:32', '10.10.2.34', NULL, 'user', 1),
	(82, 'ops035', '하준서', 'ops035@company.com', '운영팀', '2025-10-16 08:29:32', '2025-10-16 08:29:32', '2025-10-16 08:29:32', '10.10.2.35', NULL, 'user', 1),
	(83, 'ops036', '옹다현', 'ops036@company.com', '운영팀', '2025-10-16 08:29:32', '2025-10-16 08:29:32', '2025-10-16 08:29:32', '10.10.2.36', NULL, 'user', 1),
	(84, 'ops037', '갈현준', 'ops037@company.com', '운영팀', '2025-10-16 08:29:32', '2025-10-16 08:29:32', '2025-10-16 08:29:32', '10.10.2.37', NULL, 'user', 1),
	(85, 'ops038', '경예나', 'ops038@company.com', '운영팀', '2025-10-16 08:29:32', '2025-10-16 08:29:32', '2025-10-16 08:29:32', '10.10.2.38', NULL, 'user', 1),
	(86, 'ops039', '곽지우', 'ops039@company.com', '운영팀', '2025-10-16 08:29:32', '2025-10-16 08:29:32', '2025-10-16 08:29:32', '10.10.2.39', NULL, 'user', 1),
	(87, 'ops040', '국민준', 'ops040@company.com', '운영팀', '2025-10-16 08:29:32', '2025-10-16 08:29:32', '2025-10-16 08:29:32', '10.10.2.40', NULL, 'user', 1),
	(88, 'plan001', '김서준', 'plan001@company.com', '기획팀', '2025-10-16 08:29:32', '2025-10-16 08:29:32', '2025-10-16 08:29:32', '10.10.3.1', NULL, 'user', 1),
	(89, 'plan002', '이하윤', 'plan002@company.com', '기획팀', '2025-10-16 08:29:32', '2025-10-16 08:29:32', '2025-10-16 08:29:32', '10.10.3.2', NULL, 'user', 1),
	(90, 'plan003', '박시우', 'plan003@company.com', '기획팀', '2025-10-16 08:29:32', '2025-10-16 08:29:32', '2025-10-16 08:29:32', '10.10.3.3', NULL, 'user', 1),
	(91, 'plan004', '최다은', 'plan004@company.com', '기획팀', '2025-10-16 08:29:32', '2025-10-16 08:29:32', '2025-10-16 08:29:32', '10.10.3.4', NULL, 'user', 1),
	(92, 'plan005', '정준호', 'plan005@company.com', '기획팀', '2025-10-16 08:29:32', '2025-10-16 08:29:32', '2025-10-16 08:29:32', '10.10.3.5', NULL, 'user', 1),
	(93, 'plan006', '강하은', 'plan006@company.com', '기획팀', '2025-10-16 08:29:32', '2025-10-16 08:29:32', '2025-10-16 08:29:32', '10.10.3.6', NULL, 'user', 1),
	(94, 'plan007', '조민준', 'plan007@company.com', '기획팀', '2025-10-16 08:29:32', '2025-10-16 08:29:32', '2025-10-16 08:29:32', '10.10.3.7', NULL, 'user', 1),
	(95, 'plan008', '윤서연', 'plan008@company.com', '기획팀', '2025-10-16 08:29:32', '2025-10-16 08:29:32', '2025-10-16 08:29:32', '10.10.3.8', NULL, 'user', 1),
	(96, 'plan009', '임도현', 'plan009@company.com', '기획팀', '2025-10-16 08:29:32', '2025-10-16 08:29:32', '2025-10-16 08:29:32', '10.10.3.9', NULL, 'user', 1),
	(97, 'plan010', '한지안', 'plan010@company.com', '기획팀', '2025-10-16 08:29:32', '2025-10-16 08:29:32', '2025-10-16 08:29:32', '10.10.3.10', NULL, 'user', 1),
	(98, 'plan011', '신우진', 'plan011@company.com', '기획팀', '2025-10-16 08:29:32', '2025-10-16 08:29:32', '2025-10-16 08:29:32', '10.10.3.11', NULL, 'user', 1),
	(99, 'plan012', '오시은', 'plan012@company.com', '기획팀', '2025-10-16 08:29:32', '2025-10-16 08:29:32', '2025-10-16 08:29:32', '10.10.3.12', NULL, 'user', 1),
	(100, 'plan013', '배준영', 'plan013@company.com', '기획팀', '2025-10-16 08:29:32', '2025-10-16 08:29:32', '2025-10-16 08:29:32', '10.10.3.13', NULL, 'user', 1),
	(101, 'plan014', '송예린', 'plan014@company.com', '기획팀', '2025-10-16 08:29:32', '2025-10-16 08:29:32', '2025-10-16 08:29:32', '10.10.3.14', NULL, 'user', 1),
	(102, 'plan015', '노태양', 'plan015@company.com', '기획팀', '2025-10-16 08:29:32', '2025-10-16 08:29:32', '2025-10-16 08:29:32', '10.10.3.15', NULL, 'user', 1),
	(103, 'plan016', '홍수아', 'plan016@company.com', '기획팀', '2025-10-16 08:29:32', '2025-10-16 08:29:32', '2025-10-16 08:29:32', '10.10.3.16', NULL, 'user', 1),
	(104, 'plan017', '권동현', 'plan017@company.com', '기획팀', '2025-10-16 08:29:32', '2025-10-16 08:29:32', '2025-10-16 08:29:32', '10.10.3.17', NULL, 'user', 1),
	(105, 'plan018', '황지민', 'plan018@company.com', '기획팀', '2025-10-16 08:29:32', '2025-10-16 08:29:32', '2025-10-16 08:29:32', '10.10.3.18', NULL, 'user', 1),
	(106, 'plan019', '서승현', 'plan019@company.com', '기획팀', '2025-10-16 08:29:32', '2025-10-16 08:29:32', '2025-10-16 08:29:32', '10.10.3.19', NULL, 'user', 1),
	(107, 'plan020', '안유진', 'plan020@company.com', '기획팀', '2025-10-16 08:29:32', '2025-10-16 08:29:32', '2025-10-16 08:29:32', '10.10.3.20', NULL, 'user', 1),
	(108, 'plan021', '구민재', 'plan021@company.com', '기획팀', '2025-10-16 08:29:32', '2025-10-16 08:29:32', '2025-10-16 08:29:32', '10.10.3.21', NULL, 'user', 1),
	(109, 'plan022', '남채원', 'plan022@company.com', '기획팀', '2025-10-16 08:29:32', '2025-10-16 08:29:32', '2025-10-16 08:29:32', '10.10.3.22', NULL, 'user', 1),
	(110, 'plan023', '허준서', 'plan023@company.com', '기획팀', '2025-10-16 08:29:32', '2025-10-16 08:29:32', '2025-10-16 08:29:32', '10.10.3.23', NULL, 'user', 1),
	(111, 'plan024', '유하린', 'plan024@company.com', '기획팀', '2025-10-16 08:29:32', '2025-10-16 08:29:32', '2025-10-16 08:29:32', '10.10.3.24', NULL, 'user', 1),
	(112, 'plan025', '변시후', 'plan025@company.com', '기획팀', '2025-10-16 08:29:32', '2025-10-16 08:29:32', '2025-10-16 08:29:32', '10.10.3.25', NULL, 'user', 1),
	(113, 'plan026', '문서윤', 'plan026@company.com', '기획팀', '2025-10-16 08:29:32', '2025-10-16 08:29:32', '2025-10-16 08:29:32', '10.10.3.26', NULL, 'user', 1),
	(114, 'plan027', '진태민', 'plan027@company.com', '기획팀', '2025-10-16 08:29:32', '2025-10-16 08:29:32', '2025-10-16 08:29:32', '10.10.3.27', NULL, 'user', 1),
	(115, 'plan028', '표소연', 'plan028@company.com', '기획팀', '2025-10-16 08:29:32', '2025-10-16 08:29:32', '2025-10-16 08:29:32', '10.10.3.28', NULL, 'user', 1),
	(116, 'plan029', '차현준', 'plan029@company.com', '기획팀', '2025-10-16 08:29:32', '2025-10-16 08:29:32', '2025-10-16 08:29:32', '10.10.3.29', NULL, 'user', 1),
	(117, 'plan030', '추예나', 'plan030@company.com', '기획팀', '2025-10-16 08:29:32', '2025-10-16 08:29:32', '2025-10-16 08:29:32', '10.10.3.30', NULL, 'user', 1),
	(118, 'plan031', '성시원', 'plan031@company.com', '기획팀', '2025-10-16 08:29:32', '2025-10-16 08:29:32', '2025-10-16 08:29:32', '10.10.3.31', NULL, 'user', 1),
	(119, 'plan032', '탁다인', 'plan032@company.com', '기획팀', '2025-10-16 08:29:32', '2025-10-16 08:29:32', '2025-10-16 08:29:32', '10.10.3.32', NULL, 'user', 1),
	(120, 'plan033', '형민찬', 'plan033@company.com', '기획팀', '2025-10-16 08:29:32', '2025-10-16 08:29:32', '2025-10-16 08:29:32', '10.10.3.33', NULL, 'user', 1),
	(121, 'plan034', '피예은', 'plan034@company.com', '기획팀', '2025-10-16 08:29:32', '2025-10-16 08:29:32', '2025-10-16 08:29:32', '10.10.3.34', NULL, 'user', 1),
	(122, 'plan035', '하재현', 'plan035@company.com', '기획팀', '2025-10-16 08:29:32', '2025-10-16 08:29:32', '2025-10-16 08:29:32', '10.10.3.35', NULL, 'user', 1),
	(123, 'plan036', '옹서현', 'plan036@company.com', '기획팀', '2025-10-16 08:29:32', '2025-10-16 08:29:32', '2025-10-16 08:29:32', '10.10.3.36', NULL, 'user', 1),
	(124, 'plan037', '갈지훈', 'plan037@company.com', '기획팀', '2025-10-16 08:29:32', '2025-10-20 01:31:46', '2025-10-20 01:31:46', '10.10.3.37', NULL, 'user', 0),
	(125, 'plan038', '경하은', 'plan038@company.com', '기획팀', '2025-10-16 08:29:32', '2025-10-16 08:29:32', '2025-10-16 08:29:32', '10.10.3.38', NULL, 'user', 1),
	(126, 'plan039', '곽민혁', 'plan039@company.com', '기획팀', '2025-10-16 08:29:32', '2025-10-16 08:29:32', '2025-10-16 08:29:32', '10.10.3.39', NULL, 'user', 1),
	(127, 'plan040', '국수빈', 'plan040@company.com', '기획팀', '2025-10-16 08:29:32', '2025-10-16 08:29:32', '2025-10-16 08:29:32', '10.10.3.40', NULL, 'user', 1),
	(128, 'hr001', '김예준', 'hr001@company.com', '인사팀', '2025-10-16 08:29:32', '2025-10-16 08:29:32', '2025-10-16 08:29:32', '10.10.4.1', NULL, 'user', 1),
	(129, 'hr002', '이아인', 'hr002@company.com', '인사팀', '2025-10-16 08:29:32', '2025-10-16 08:29:32', '2025-10-16 08:29:32', '10.10.4.2', NULL, 'user', 1),
	(130, 'hr003', '박도윤', 'hr003@company.com', '인사팀', '2025-10-16 08:29:32', '2025-10-16 08:29:32', '2025-10-16 08:29:32', '10.10.4.3', NULL, 'user', 1),
	(131, 'hr004', '최서영', 'hr004@company.com', '인사팀', '2025-10-16 08:29:32', '2025-10-16 08:29:32', '2025-10-16 08:29:32', '10.10.4.4', NULL, 'user', 1),
	(132, 'hr005', '정시우', 'hr005@company.com', '인사팀', '2025-10-16 08:29:32', '2025-10-16 08:29:32', '2025-10-16 08:29:32', '10.10.4.5', NULL, 'user', 1),
	(133, 'hr006', '강지유', 'hr006@company.com', '인사팀', '2025-10-16 08:29:32', '2025-10-16 08:29:32', '2025-10-16 08:29:32', '10.10.4.6', NULL, 'user', 1),
	(134, 'hr007', '조우진', 'hr007@company.com', '인사팀', '2025-10-16 08:29:32', '2025-10-16 08:29:32', '2025-10-16 08:29:32', '10.10.4.7', NULL, 'user', 1),
	(135, 'hr008', '윤가은', 'hr008@company.com', '인사팀', '2025-10-16 08:29:32', '2025-10-16 08:29:32', '2025-10-16 08:29:32', '10.10.4.8', NULL, 'user', 1),
	(136, 'hr009', '임승준', 'hr009@company.com', '인사팀', '2025-10-16 08:29:32', '2025-10-16 08:29:32', '2025-10-16 08:29:32', '10.10.4.9', NULL, 'user', 1),
	(137, 'hr010', '한소연', 'hr010@company.com', '인사팀', '2025-10-16 08:29:32', '2025-10-16 08:29:32', '2025-10-16 08:29:32', '10.10.4.10', NULL, 'user', 1),
	(138, 'hr011', '신태민', 'hr011@company.com', '인사팀', '2025-10-16 08:29:32', '2025-10-16 08:29:32', '2025-10-16 08:29:32', '10.10.4.11', NULL, 'user', 1),
	(139, 'hr012', '오다현', 'hr012@company.com', '인사팀', '2025-10-16 08:29:32', '2025-10-16 08:29:32', '2025-10-16 08:29:32', '10.10.4.12', NULL, 'user', 1),
	(140, 'hr013', '배현준', 'hr013@company.com', '인사팀', '2025-10-16 08:29:32', '2025-10-16 08:29:32', '2025-10-16 08:29:32', '10.10.4.13', NULL, 'user', 1),
	(141, 'hr014', '송예나', 'hr014@company.com', '인사팀', '2025-10-16 08:29:32', '2025-10-16 08:29:32', '2025-10-16 08:29:32', '10.10.4.14', NULL, 'user', 1),
	(142, 'hr015', '노시원', 'hr015@company.com', '인사팀', '2025-10-16 08:29:32', '2025-10-16 08:29:32', '2025-10-16 08:29:32', '10.10.4.15', NULL, 'user', 1),
	(143, 'hr016', '홍다인', 'hr016@company.com', '인사팀', '2025-10-16 08:29:32', '2025-10-16 08:29:32', '2025-10-16 08:29:32', '10.10.4.16', NULL, 'user', 1),
	(144, 'hr017', '권민찬', 'hr017@company.com', '인사팀', '2025-10-16 08:29:32', '2025-10-16 08:29:32', '2025-10-16 08:29:32', '10.10.4.17', NULL, 'user', 1),
	(145, 'hr018', '황예은', 'hr018@company.com', '인사팀', '2025-10-16 08:29:32', '2025-10-16 08:29:32', '2025-10-16 08:29:32', '10.10.4.18', NULL, 'user', 1),
	(146, 'hr019', '서재현', 'hr019@company.com', '인사팀', '2025-10-16 08:29:32', '2025-10-16 08:29:32', '2025-10-16 08:29:32', '10.10.4.19', NULL, 'user', 1),
	(147, 'hr020', '안서현', 'hr020@company.com', '인사팀', '2025-10-16 08:29:32', '2025-10-16 08:29:32', '2025-10-16 08:29:32', '10.10.4.20', NULL, 'user', 1),
	(148, 'hr021', '구지훈', 'hr021@company.com', '인사팀', '2025-10-16 08:29:32', '2025-10-16 08:29:32', '2025-10-16 08:29:32', '10.10.4.21', NULL, 'user', 1),
	(149, 'hr022', '남하은', 'hr022@company.com', '인사팀', '2025-10-16 08:29:32', '2025-10-16 08:29:32', '2025-10-16 08:29:32', '10.10.4.22', NULL, 'user', 1),
	(150, 'hr023', '허민혁', 'hr023@company.com', '인사팀', '2025-10-16 08:29:32', '2025-10-16 08:29:32', '2025-10-16 08:29:32', '10.10.4.23', NULL, 'user', 1),
	(151, 'hr024', '유수빈', 'hr024@company.com', '인사팀', '2025-10-16 08:29:32', '2025-10-16 08:29:32', '2025-10-16 08:29:32', '10.10.4.24', NULL, 'user', 1),
	(152, 'hr025', '변준서', 'hr025@company.com', '인사팀', '2025-10-16 08:29:32', '2025-10-16 08:29:32', '2025-10-16 08:29:32', '10.10.4.25', NULL, 'user', 1),
	(153, 'hr026', '문아연', 'hr026@company.com', '인사팀', '2025-10-16 08:29:32', '2025-10-16 08:29:32', '2025-10-16 08:29:32', '10.10.4.26', NULL, 'user', 1),
	(154, 'hr027', '진동현', 'hr027@company.com', '인사팀', '2025-10-16 08:29:32', '2025-10-16 08:29:32', '2025-10-16 08:29:32', '10.10.4.27', NULL, 'user', 1),
	(155, 'hr028', '표지민', 'hr028@company.com', '인사팀', '2025-10-16 08:29:32', '2025-10-16 08:29:32', '2025-10-16 08:29:32', '10.10.4.28', NULL, 'user', 1),
	(156, 'hr029', '차승현', 'hr029@company.com', '인사팀', '2025-10-16 08:29:32', '2025-10-16 08:29:32', '2025-10-16 08:29:32', '10.10.4.29', NULL, 'user', 1),
	(157, 'hr030', '추유진', 'hr030@company.com', '인사팀', '2025-10-16 08:29:32', '2025-10-16 08:29:32', '2025-10-16 08:29:32', '10.10.4.30', NULL, 'user', 1),
	(158, 'fin001', '김승우', 'fin001@company.com', '재무팀', '2025-10-16 08:29:32', '2025-10-16 08:29:32', '2025-10-16 08:29:32', '10.10.5.1', NULL, 'user', 1),
	(159, 'fin002', '이하율', 'fin002@company.com', '재무팀', '2025-10-16 08:29:32', '2025-10-16 08:29:32', '2025-10-16 08:29:32', '10.10.5.2', NULL, 'user', 1),
	(160, 'fin003', '박시윤', 'fin003@company.com', '재무팀', '2025-10-16 08:29:32', '2025-10-16 08:29:32', '2025-10-16 08:29:32', '10.10.5.3', NULL, 'user', 1),
	(161, 'fin004', '최서윤', 'fin004@company.com', '재무팀', '2025-10-16 08:29:32', '2025-10-16 08:29:32', '2025-10-16 08:29:32', '10.10.5.4', NULL, 'user', 1),
	(162, 'fin005', '정재현', 'fin005@company.com', '재무팀', '2025-10-16 08:29:32', '2025-10-16 08:29:32', '2025-10-16 08:29:32', '10.10.5.5', NULL, 'user', 1),
	(163, 'fin006', '강서현', 'fin006@company.com', '재무팀', '2025-10-16 08:29:32', '2025-10-16 08:29:32', '2025-10-16 08:29:32', '10.10.5.6', NULL, 'user', 1),
	(164, 'fin007', '조우진', 'fin007@company.com', '재무팀', '2025-10-16 08:29:32', '2025-10-16 08:29:32', '2025-10-16 08:29:32', '10.10.5.7', NULL, 'user', 1),
	(165, 'fin008', '윤지유', 'fin008@company.com', '재무팀', '2025-10-16 08:29:32', '2025-10-16 08:29:32', '2025-10-16 08:29:32', '10.10.5.8', NULL, 'user', 1),
	(166, 'fin009', '임승준', 'fin009@company.com', '재무팀', '2025-10-16 08:29:32', '2025-10-16 08:29:32', '2025-10-16 08:29:32', '10.10.5.9', NULL, 'user', 1),
	(167, 'fin010', '한가은', 'fin010@company.com', '재무팀', '2025-10-16 08:29:32', '2025-10-16 08:29:32', '2025-10-16 08:29:32', '10.10.5.10', NULL, 'user', 1),
	(168, 'fin011', '신태민', 'fin011@company.com', '재무팀', '2025-10-16 08:29:32', '2025-10-16 08:29:32', '2025-10-16 08:29:32', '10.10.5.11', NULL, 'user', 1),
	(169, 'fin012', '오소연', 'fin012@company.com', '재무팀', '2025-10-16 08:29:32', '2025-10-16 08:29:32', '2025-10-16 08:29:32', '10.10.5.12', NULL, 'user', 1),
	(170, 'fin013', '배현준', 'fin013@company.com', '재무팀', '2025-10-16 08:29:32', '2025-10-16 08:29:32', '2025-10-16 08:29:32', '10.10.5.13', NULL, 'user', 1),
	(171, 'fin014', '송다현', 'fin014@company.com', '재무팀', '2025-10-16 08:29:32', '2025-10-16 08:29:32', '2025-10-16 08:29:32', '10.10.5.14', NULL, 'user', 1),
	(172, 'fin015', '노시원', 'fin015@company.com', '재무팀', '2025-10-16 08:29:32', '2025-10-16 08:29:32', '2025-10-16 08:29:32', '10.10.5.15', NULL, 'user', 1),
	(173, 'fin016', '홍예나', 'fin016@company.com', '재무팀', '2025-10-16 08:29:32', '2025-10-16 08:29:32', '2025-10-16 08:29:32', '10.10.5.16', NULL, 'user', 1),
	(174, 'fin017', '권민찬', 'fin017@company.com', '재무팀', '2025-10-16 08:29:32', '2025-10-16 08:29:32', '2025-10-16 08:29:32', '10.10.5.17', NULL, 'user', 1),
	(175, 'fin018', '황다인', 'fin018@company.com', '재무팀', '2025-10-16 08:29:32', '2025-10-16 08:29:32', '2025-10-16 08:29:32', '10.10.5.18', NULL, 'user', 1),
	(176, 'fin019', '서재현', 'fin019@company.com', '재무팀', '2025-10-16 08:29:32', '2025-10-16 08:29:32', '2025-10-16 08:29:32', '10.10.5.19', NULL, 'user', 1),
	(177, 'fin020', '안예은', 'fin020@company.com', '재무팀', '2025-10-16 08:29:32', '2025-10-16 08:29:32', '2025-10-16 08:29:32', '10.10.5.20', NULL, 'user', 1),
	(178, 'fin021', '구지훈', 'fin021@company.com', '재무팀', '2025-10-16 08:29:32', '2025-10-16 08:29:32', '2025-10-16 08:29:32', '10.10.5.21', NULL, 'user', 1),
	(179, 'fin022', '남서현', 'fin022@company.com', '재무팀', '2025-10-16 08:29:32', '2025-10-16 08:29:32', '2025-10-16 08:29:32', '10.10.5.22', NULL, 'user', 1),
	(180, 'fin023', '허민혁', 'fin023@company.com', '재무팀', '2025-10-16 08:29:32', '2025-10-16 08:29:32', '2025-10-16 08:29:32', '10.10.5.23', NULL, 'user', 1),
	(181, 'fin024', '유하은', 'fin024@company.com', '재무팀', '2025-10-16 08:29:32', '2025-10-16 08:29:32', '2025-10-16 08:29:32', '10.10.5.24', NULL, 'user', 1),
	(182, 'fin025', '변준서', 'fin025@company.com', '재무팀', '2025-10-16 08:29:32', '2025-10-16 08:29:32', '2025-10-16 08:29:32', '10.10.5.25', NULL, 'user', 1),
	(183, 'fin026', '문수빈', 'fin026@company.com', '재무팀', '2025-10-16 08:29:32', '2025-10-16 08:29:32', '2025-10-16 08:29:32', '10.10.5.26', NULL, 'user', 1),
	(184, 'fin027', '진동현', 'fin027@company.com', '재무팀', '2025-10-16 08:29:32', '2025-10-16 08:29:32', '2025-10-16 08:29:32', '10.10.5.27', NULL, 'user', 1),
	(185, 'fin028', '표아연', 'fin028@company.com', '재무팀', '2025-10-16 08:29:32', '2025-10-16 08:29:32', '2025-10-16 08:29:32', '10.10.5.28', NULL, 'user', 1),
	(186, 'fin029', '차승현', 'fin029@company.com', '재무팀', '2025-10-16 08:29:32', '2025-10-16 08:29:32', '2025-10-16 08:29:32', '10.10.5.29', NULL, 'user', 1),
	(187, 'fin030', '추지민', 'fin030@company.com', '재무팀', '2025-10-16 08:29:32', '2025-10-16 08:29:32', '2025-10-16 08:29:32', '10.10.5.30', NULL, 'user', 1),
	(188, 'sales001', '김민재', 'sales001@company.com', '영업팀', '2025-10-16 08:29:32', '2025-10-16 08:29:32', '2025-10-16 08:29:32', '10.10.6.1', NULL, 'user', 1),
	(189, 'sales002', '이채원', 'sales002@company.com', '영업팀', '2025-10-16 08:29:32', '2025-10-16 08:29:32', '2025-10-16 08:29:32', '10.10.6.2', NULL, 'user', 1),
	(190, 'sales003', '박준영', 'sales003@company.com', '영업팀', '2025-10-16 08:29:32', '2025-10-16 08:29:32', '2025-10-16 08:29:32', '10.10.6.3', NULL, 'user', 1),
	(191, 'sales004', '최서연', 'sales004@company.com', '영업팀', '2025-10-16 08:29:32', '2025-10-16 08:29:32', '2025-10-16 08:29:32', '10.10.6.4', NULL, 'user', 1),
	(192, 'sales005', '정우진', 'sales005@company.com', '영업팀', '2025-10-16 08:29:32', '2025-10-16 08:29:32', '2025-10-16 08:29:32', '10.10.6.5', NULL, 'user', 1),
	(193, 'sales006', '강민지', 'sales006@company.com', '영업팀', '2025-10-16 08:29:32', '2025-10-20 01:31:54', '2025-10-20 01:31:54', '10.10.6.6', NULL, 'user', 1),
	(194, 'sales007', '조현우', 'sales007@company.com', '영업팀', '2025-10-16 08:29:32', '2025-10-16 08:29:32', '2025-10-16 08:29:32', '10.10.6.7', NULL, 'user', 1),
	(195, 'sales008', '윤서현', 'sales008@company.com', '영업팀', '2025-10-16 08:29:32', '2025-10-16 08:29:32', '2025-10-16 08:29:32', '10.10.6.8', NULL, 'user', 1),
	(196, 'sales009', '임동혁', 'sales009@company.com', '영업팀', '2025-10-16 08:29:32', '2025-10-16 08:29:32', '2025-10-16 08:29:32', '10.10.6.9', NULL, 'user', 1),
	(197, 'sales010', '한예진', 'sales010@company.com', '영업팀', '2025-10-16 08:29:32', '2025-10-16 08:29:32', '2025-10-16 08:29:32', '10.10.6.10', NULL, 'user', 1),
	(198, 'sales011', '신재훈', 'sales011@company.com', '영업팀', '2025-10-16 08:29:32', '2025-10-16 08:29:32', '2025-10-16 08:29:32', '10.10.6.11', NULL, 'user', 1),
	(199, 'sales012', '오수민', 'sales012@company.com', '영업팀', '2025-10-16 08:29:32', '2025-10-16 08:29:32', '2025-10-16 08:29:32', '10.10.6.12', NULL, 'user', 1),
	(200, 'sales013', '배성호', 'sales013@company.com', '영업팀', '2025-10-16 08:29:32', '2025-10-16 08:29:32', '2025-10-16 08:29:32', '10.10.6.13', NULL, 'user', 1),
	(201, 'sales014', '송지우', 'sales014@company.com', '영업팀', '2025-10-16 08:29:32', '2025-10-16 08:29:32', '2025-10-16 08:29:32', '10.10.6.14', NULL, 'user', 1),
	(202, 'sales015', '노정훈', 'sales015@company.com', '영업팀', '2025-10-16 08:29:32', '2025-10-16 08:29:32', '2025-10-16 08:29:32', '10.10.6.15', NULL, 'user', 1),
	(203, 'sales016', '홍다은', 'sales016@company.com', '영업팀', '2025-10-16 08:29:32', '2025-10-16 08:29:32', '2025-10-16 08:29:32', '10.10.6.16', NULL, 'user', 1),
	(204, 'sales017', '권민석', 'sales017@company.com', '영업팀', '2025-10-16 08:29:32', '2025-10-16 08:29:32', '2025-10-16 08:29:32', '10.10.6.17', NULL, 'user', 1),
	(205, 'sales018', '황수아', 'sales018@company.com', '영업팀', '2025-10-16 08:29:32', '2025-10-16 08:29:32', '2025-10-16 08:29:32', '10.10.6.18', NULL, 'user', 1),
	(206, 'sales019', '서준호', 'sales019@company.com', '영업팀', '2025-10-16 08:29:32', '2025-10-16 08:29:32', '2025-10-16 08:29:32', '10.10.6.19', NULL, 'user', 1),
	(207, 'sales020', '안지혜', 'sales020@company.com', '영업팀', '2025-10-16 08:29:32', '2025-10-16 08:29:32', '2025-10-16 08:29:32', '10.10.6.20', NULL, 'user', 1);

CREATE TABLE IF NOT EXISTS `user_exceptions` (
  `exception_id` bigint(20) NOT NULL AUTO_INCREMENT,
  `user_id` bigint(20) NOT NULL COMMENT 'users 테이블의 uid 참조',
  `item_id` varchar(255) NOT NULL COMMENT '항목 ID (audit: 숫자, education/training: 문자열)',
  `item_type` enum('audit','education','training') NOT NULL COMMENT '항목 유형',
  `item_name` varchar(255) NOT NULL COMMENT '항목명',
  `item_category` varchar(100) NOT NULL COMMENT '항목 카테고리',
  `exclude_reason` varchar(255) NOT NULL COMMENT '제외 사유',
  `exclude_type` enum('permanent','temporary') DEFAULT 'permanent' COMMENT '제외 유형',
  `start_date` date DEFAULT NULL COMMENT '제외 시작일 (temporary인 경우)',
  `end_date` date DEFAULT NULL COMMENT '제외 종료일 (temporary인 경우)',
  `created_by` varchar(50) NOT NULL COMMENT '설정한 관리자',
  `created_at` timestamp NULL DEFAULT current_timestamp(),
  `updated_at` timestamp NULL DEFAULT current_timestamp() ON UPDATE current_timestamp(),
  `is_active` tinyint(1) DEFAULT 1 COMMENT '활성 상태',
  PRIMARY KEY (`exception_id`),
  UNIQUE KEY `uk_user_item_exception` (`user_id`,`item_id`,`item_type`),
  KEY `idx_user_id` (`user_id`),
  KEY `idx_item_type` (`item_type`),
  KEY `idx_active` (`is_active`),
  KEY `idx_user_exceptions_search` (`user_id`,`item_type`,`is_active`),
  KEY `idx_item_search` (`item_id`,`item_type`),
  CONSTRAINT `fk_user_exception` FOREIGN KEY (`user_id`) REFERENCES `users` (`uid`) ON DELETE CASCADE
) ENGINE=InnoDB DEFAULT CHARSET=utf8mb4 COLLATE=utf8mb4_unicode_ci COMMENT='통합 사용자별 예외 설정 테이블';

DELETE FROM `user_exceptions`;

CREATE TABLE IF NOT EXISTS `user_extended_exceptions` (
  `exception_id` bigint(20) NOT NULL AUTO_INCREMENT,
  `user_id` bigint(20) NOT NULL COMMENT 'users 테이블의 uid 참조',
  `item_id` varchar(100) NOT NULL COMMENT '항목 ID (정수형: 감사항목, 문자형: 교육/훈련)',
  `item_type` enum('audit_item','training_period','education_period') NOT NULL COMMENT '항목 유형',
  `item_name` varchar(255) NOT NULL COMMENT '항목명 (비정규화)',
  `item_category` varchar(100) NOT NULL COMMENT '항목 카테고리 (비정규화)',
  `exclude_reason` varchar(500) NOT NULL COMMENT '제외 사유',
  `exclude_type` enum('permanent','temporary') DEFAULT 'permanent' COMMENT '제외 유형',
  `start_date` date DEFAULT NULL COMMENT '제외 시작일 (temporary인 경우)',
  `end_date` date DEFAULT NULL COMMENT '제외 종료일 (temporary인 경우)',
  `created_by` varchar(50) NOT NULL COMMENT '설정한 관리자',
  `created_at` timestamp NULL DEFAULT current_timestamp(),
  `updated_at` timestamp NULL DEFAULT current_timestamp() ON UPDATE current_timestamp(),
  `is_active` tinyint(1) DEFAULT 1 COMMENT '활성 상태',
  PRIMARY KEY (`exception_id`),
  UNIQUE KEY `uk_user_extended_exception` (`user_id`,`item_id`,`item_type`),
  KEY `idx_user_id_extended` (`user_id`),
  KEY `idx_item_type_extended` (`item_type`),
  KEY `idx_active_extended` (`is_active`),
  KEY `idx_item_category` (`item_category`),
  KEY `idx_user_extended_search` (`user_id`,`item_type`,`is_active`),
  CONSTRAINT `fk_user_extended_exception` FOREIGN KEY (`user_id`) REFERENCES `users` (`uid`) ON DELETE CASCADE
) ENGINE=InnoDB DEFAULT CHARSET=utf8mb4 COLLATE=utf8mb4_unicode_ci COMMENT='사용자별 확장 감사 항목 제외 설정 (감사/교육/훈련)';

DELETE FROM `user_extended_exceptions`;

CREATE TABLE IF NOT EXISTS `user_item_exceptions` (
  `exception_id` bigint(20) NOT NULL AUTO_INCREMENT,
  `user_id` bigint(20) NOT NULL COMMENT 'users 테이블의 uid 참조',
  `item_id` int(11) NOT NULL COMMENT 'checklist_items 테이블 참조',
  `exclude_reason` varchar(255) NOT NULL COMMENT '제외 사유',
  `exclude_type` enum('permanent','temporary') DEFAULT 'permanent' COMMENT '제외 유형',
  `start_date` date DEFAULT NULL COMMENT '제외 시작일 (temporary인 경우)',
  `end_date` date DEFAULT NULL COMMENT '제외 종료일 (temporary인 경우)',
  `created_by` varchar(50) NOT NULL COMMENT '설정한 관리자',
  `created_at` timestamp NULL DEFAULT current_timestamp(),
  `updated_at` timestamp NULL DEFAULT current_timestamp() ON UPDATE current_timestamp(),
  `is_active` tinyint(1) DEFAULT 1 COMMENT '활성 상태',
  `item_type` varchar(50) DEFAULT 'audit' COMMENT '항목 유형 (audit/education/training)',
  `item_name` varchar(255) DEFAULT '' COMMENT '항목명 (중복 저장)',
  `item_category` varchar(100) DEFAULT '' COMMENT '항목 카테고리 (중복 저장)',
  PRIMARY KEY (`exception_id`),
  UNIQUE KEY `uk_user_item_exception` (`user_id`,`item_id`),
  KEY `idx_user_id` (`user_id`),
  KEY `idx_item_id` (`item_id`),
  KEY `idx_active` (`is_active`),
  KEY `idx_user_exceptions_type` (`user_id`,`item_type`,`is_active`),
  CONSTRAINT `fk_exception_user` FOREIGN KEY (`user_id`) REFERENCES `users` (`uid`) ON DELETE CASCADE
) ENGINE=InnoDB DEFAULT CHARSET=utf8mb4 COLLATE=utf8mb4_unicode_ci COMMENT='사용자별 감사 항목 제외 설정';

DELETE FROM `user_item_exceptions`;

CREATE TABLE `user_phishing_summary` (
	`user_id` BIGINT(20) NOT NULL COMMENT 'JPA에서 Long 타입으로 매핑',
	`username` VARCHAR(1) NOT NULL COMMENT '사용자 로그인 ID' COLLATE 'utf8mb4_unicode_ci',
	`department` VARCHAR(1) NULL COMMENT '소속 부서' COLLATE 'utf8mb4_unicode_ci',
	`email` VARCHAR(1) NULL COMMENT '이메일 주소' COLLATE 'utf8mb4_unicode_ci',
	`training_year` INT(11) NULL COMMENT '훈련 연도',
	`total_trainings` BIGINT(21) NOT NULL,
	`success_count` BIGINT(21) NOT NULL,
	`fail_count` BIGINT(21) NOT NULL,
	`no_response_count` BIGINT(21) NOT NULL,
	`success_rate` DECIMAL(26,2) NULL,
	`penalty_score` DECIMAL(22,1) NOT NULL
);

DROP TABLE IF EXISTS `phishing_training_stats`;
CREATE ALGORITHM=UNDEFINED SQL SECURITY DEFINER VIEW `phishing_training_stats` AS select `pt`.`training_year` AS `training_year`,`pt`.`period_id` AS `period_id`,`ptp`.`period_name` AS `period_name`,`ptp`.`training_type` AS `training_type`,count(0) AS `total_targets`,count(case when `pt`.`training_result` = 'success' then 1 end) AS `success_count`,count(case when `pt`.`training_result` = 'fail' then 1 end) AS `fail_count`,count(case when `pt`.`training_result` = 'no_response' then 1 end) AS `no_response_count`,round(count(case when `pt`.`training_result` = 'success' then 1 end) / count(0) * 100,2) AS `success_rate`,round(count(case when `pt`.`training_result` = 'fail' then 1 end) / count(0) * 100,2) AS `fail_rate` from (`phishing_training` `pt` join `phishing_training_periods` `ptp` on(`pt`.`period_id` = `ptp`.`period_id`)) where `pt`.`exclude_from_scoring` = 0 group by `pt`.`training_year`,`pt`.`period_id`,`ptp`.`period_name`,`ptp`.`training_type` 
;

DROP TABLE IF EXISTS `user_phishing_summary`;
CREATE ALGORITHM=UNDEFINED SQL SECURITY DEFINER VIEW `user_phishing_summary` AS select `u`.`uid` AS `user_id`,`u`.`user_id` AS `username`,`u`.`department` AS `department`,`u`.`mail` AS `email`,`pt`.`training_year` AS `training_year`,count(0) AS `total_trainings`,count(case when `pt`.`training_result` = 'success' then 1 end) AS `success_count`,count(case when `pt`.`training_result` = 'fail' then 1 end) AS `fail_count`,count(case when `pt`.`training_result` = 'no_response' then 1 end) AS `no_response_count`,round(count(case when `pt`.`training_result` = 'success' then 1 end) / count(0) * 100,2) AS `success_rate`,count(case when `pt`.`training_result` = 'fail' then 1 end) * 0.5 AS `penalty_score` from (`users` `u` left join `phishing_training` `pt` on(`u`.`uid` = `pt`.`user_id` and `pt`.`exclude_from_scoring` = 0)) group by `u`.`uid`,`u`.`user_id`,`u`.`department`,`u`.`mail`,`pt`.`training_year` 
;

/*!40103 SET TIME_ZONE=IFNULL(@OLD_TIME_ZONE, 'system') */;
/*!40101 SET SQL_MODE=IFNULL(@OLD_SQL_MODE, '') */;
/*!40014 SET FOREIGN_KEY_CHECKS=IFNULL(@OLD_FOREIGN_KEY_CHECKS, 1) */;
/*!40101 SET CHARACTER_SET_CLIENT=@OLD_CHARACTER_SET_CLIENT */;
/*!40111 SET SQL_NOTES=IFNULL(@OLD_SQL_NOTES, 1) */;
